Name,lir_total,lir_total_err_high,lir_total_err_low,lir_total_flag,lir_sf,lir_sf_err_high,lir_sf_err_low,lir_sf_flag,lir_agn,lir_agn_err_high,lir_agn_err_low,lir_agn_flag,agn_frac,agn_frac_err_high,agn_frac_err_low,agn_frac_flag
1RXSJ044154.5-082639,10.3778893681,0.019944542099999296,0.033204993000000016,0,10.106243150121228,0.040867989878771382,0.030152581221228658,0,10.045342320989954,0.028999673610046628,0.10431640756995364,0,0.46500000000000002,0.015399999999999969,0.070100000000000051,0
1RXSJ045205.0+493248,10.4960222402,0.013172670299999467,0.046320639700001109,0,10.100356313302912,0.056017735797087909,0.0090518068029119547,0,10.27265079362015,0.015556032179850021,0.11220911632014996,0,0.59789999999999999,0.0067000000000000393,0.085799999999999987,0
2E1739.1-1210,10.829523176199999,0.0261912668000015,0.03162522329999895,0,10.475730788406684,0.034829762493316707,0.025187203806684266,0,10.575534283951924,0.044591765248075177,0.073492088851924819,0,0.55720000000000003,0.023399999999999976,0.063000000000000056,0
2MASSJ07594181-3843560,10.496111726799999,,,-1,-inf,,,-1,10.352970747000001,,,1,1.0,,,1
2MASSJ17485512-3254521,9.4553635319899989,,,-1,9.2194017907100019,,,-1,8.9642035851599999,,,1,0.38799999999999996,,,1
2MASXJ00253292+6821442,9.6043542729299993,0.021188342509999458,0.02219804241000034,0,9.1433048349443613,0.024608052455638685,0.02382167896436016,0,9.4199984220619655,0.024607806518034181,0.028623523361964942,0,0.65410000000000001,0.012499999999999956,0.013700000000000045,0
2MASXJ01064523+0638015,10.421199076799999,0.026068966600002241,0.02220539949999889,0,9.8641489463778598,0.03079584742214081,0.042137759517858697,0,10.280157131518004,0.029993046781996213,0.022527565618004175,0,0.72270000000000001,0.021800000000000042,0.0093999999999999639,0
2MASXJ01073963-1139117,10.8409691354,0.037216081500000442,0.01118948980000134,0,10.676088725824549,0.047582211775450745,0.014468428624548224,0,10.340518761305148,0.089321610694852893,0.083581156405147183,0,0.31590000000000001,0.056599999999999984,0.059600000000000042,0
2MASXJ03305218+0538253,10.7095934042,0.03039349410000014,0.021584199199999432,0,10.135779229444511,0.036349754855487859,0.044686985644510457,0,10.574815860490178,0.036904510409822677,0.025028844190178035,0,0.73319999999999996,0.022900000000000031,0.019899999999999918,0
2MASXJ03342453-1513402,10.624782417600001,0.018506382099999996,0.027838045499999353,0,10.550867504525145,0.0093989257748550159,0.046653881325145363,0,9.8192967594824676,0.15770232420753239,0.079466281642467607,0,0.1565,0.061299999999999993,0.0247,0
2MASXJ03502377-5018354,10.4130671768,0.018089698699998991,0.024835931400000177,0,10.4130671768,0.014661673900000949,0.033317599000000087,0,9.4130671768000003,,,-1,0.1,,,-1
2MASXJ03534246+3714077,10.1504356494,0.024768094300000598,0.016890520600000514,0,10.109047307164881,0.026440189735119191,0.019968055164879317,0,9.3449499912824674,,,-1,0.1565,,,-1
2MASXJ03540948+0249307,10.4207243035,,,-1,9.9518677289199999,,,-1,10.0248791682,,,1,0.50170000000000003,,,1
2MASXJ04234080+0408017,10.922247828800002,0.017123211799997762,0.036555828700000959,0,10.637916971200992,0.047236120199007914,0.019365607900992288,0,10.60385082753087,0.012164139369129856,0.12521619573086973,0,0.48039999999999999,0.0,0.08550000000000002,0
2MASXJ04440903+2813003,9.9653475888100012,0.019871915239997762,0.024179177040002386,0,9.9097315464508462,0.024466846539151987,0.032389382810846357,0,9.0452520564767216,0.12882453076327849,0.15228553915672194,0,0.1202,0.040300000000000002,0.037699999999999997,0
2MASXJ05020903+0331499,9.209877069460001,0.033526375270000131,0.030208439050001701,0,8.971128143768663,0.070307575441336922,0.03552279692866378,0,8.8361147546069017,0.039994742963097352,0.099639391406901368,0,0.4229,0.024500000000000022,0.081600000000000006,0
2MASXJ05054575-2351139,10.318806155800001,0.082109365899999176,0.014618755900000835,0,9.8746258388611921,0.02073647119880917,0.1100551712411928,0,10.125257479047264,0.16266696025273575,0.018593711647262978,0,0.64039999999999997,0.12740000000000007,0.014900000000000024,0
2MASXJ05580206-3820043,10.9523108904,,,-1,-inf,,,-1,10.866843679400001,,,1,1.0,,,1
2MASXJ06411806+3249313,10.4279313726,,,-1,9.9169687838500007,,,-1,10.1592376909,,,1,0.68000000000000005,,,1
2MASXJ06561197-4919499,10.682329942999999,0.022864345200002134,0.02145063999999941,0,10.08972084747073,0.029302890929271186,0.030832429970729436,0,10.554194645088193,0.026819446211806763,0.027143578788193068,0,0.74450000000000005,0.011599999999999944,0.021800000000000042,0
2MASXJ07262635-3554214,10.9972775145,,,-1,10.626180871599999,,,-1,10.5774509109,,,1,0.50170000000000003,,,1
2MASXJ07595347+2323241,11.0317194812,0.018300410300001957,0.012544932900000916,0,11.0317194812,0.014601207800001959,0.017978134799998102,0,10.0317194812,,,-1,0.1,,,-1
2MASXJ08032736+0841523,10.0675933647,,,-1,9.7738629795200005,,,-1,9.6318270565999988,,,1,0.38799999999999996,,,1
2MASXJ09023729-4813339,10.3069624841,,,-1,10.0200381306,,,-1,9.9072652532500012,,,1,0.42770000000000002,,,1
2MASXJ09043699+5536025,10.141189734600001,0.0240760226999992,0.020956688700000115,0,10.014859027306796,0.024132923093203473,0.031868601546795716,0,9.543279085172097,0.089678725067901865,0.078904211412096359,0,0.25240000000000001,0.050300000000000011,0.040600000000000025,0
2MASXJ09235371-3141305,10.010968328200001,0.019907145599999509,0.025417274310001403,0,9.907604758729585,0.033938633860413958,0.025942019509585634,0,9.3368942839714677,0.065070964818531252,0.13697087750146864,0,0.21179999999999999,0.030600000000000016,0.053899999999999976,0
2MASXJ09254750+6927532,10.3413438834,0.022123425699998478,0.10196974239999967,0,9.5322356003221707,0.17370853687782883,0.023064841672169933,0,10.268097788589737,0.0210856783102642,0.18486619088973733,0,0.8448,0.0058000000000000274,0.14219999999999999,0
2MASXJ09360622-6548336,9.60563334261,,,-1,9.4121587511199998,,,-1,9.0212738842699984,,,1,0.30459999999999998,,,1
2MASXJ09594263-3112581,10.724316033500001,0.018437380900000022,0.029320853300001559,0,10.006711538242527,0.042312922557472987,0.02593537195252793,0,10.631942338343267,0.020519192556733401,0.033778410943266834,0,0.80840000000000001,0.0077000000000000401,0.018499999999999961,0
2MASXJ10402231-4625264,10.5968790715,0.014196694999998982,0.030158180499999077,0,10.475228493717776,0.017802160382224486,0.033907646017775406,0,9.9848025384734367,0.079735937526564271,0.095469210773437396,0,0.24429999999999999,0.044600000000000001,0.037199999999999983,0
2MASXJ11454045-1827149,10.4924803155,0.0094355747999994577,0.071109018599999629,0,10.065932137535485,0.069909791664514387,0.028558722035485928,0,10.288707629529439,0.0092899144705604897,0.16467961832943878,0,0.62549999999999994,0.014900000000000024,0.12889999999999996,0
2MASXJ12005792+0648226,10.641156648099999,0.017475632200000035,0.020961760899998794,0,10.516275813562567,0.016912159337433508,0.024148989962567313,0,10.03892290422645,0.083107235873550067,0.085624891806450165,0,0.24990000000000001,0.042099999999999971,0.036400000000000016,0
2MASXJ12313717-4758019,10.802099650699999,0.0078501477000010311,0.033718395899999365,0,10.732386297945519,0.011892387854480546,0.042170126145519404,0,9.9732408017283802,0.08210874207162,0.16349354644838066,0,0.14829999999999999,0.036600000000000021,0.044299999999999978,0
2MASXJ12335145-2103448,10.1052281899,0.015961601599999042,0.03418209240000003,0,9.8335819719212285,0.033164081148770563,0.021126710081230016,0,9.7726811427899545,0.014874144470045536,0.11990739835995434,0,0.46500000000000002,0.015399999999999969,0.084699999999999998,0
2MASXJ12475784-5829599,9.6745207125199997,,,-1,9.4472236348100012,,,-1,9.1896288911199999,,,1,0.38799999999999996,,,1
2MASXJ13411287-1438407,10.667243613,0.020543319799999793,0.022646970900000341,0,9.8192260084574734,0.029034966162527098,0.017160845767474342,0,10.600781514971704,0.01960722162829498,0.024623727371704263,0,0.85809999999999997,0.00070000000000003393,0.0064999999999999503,0
2MASXJ13512953-1813468,8.9902879211400002,,,-1,8.3621321062800007,,,-1,8.7521350352699994,,,1,0.68000000000000005,,,1
2MASXJ14080674-3023537,9.7218643950600008,,,-1,-inf,,,-1,9.5553880120700008,,,1,1.0,,,1
2MASXJ14530794+2554327,9.8868661867099998,,,-1,9.5849738249899996,,,-1,9.4349852909200003,,,1,0.41335249999999996,,,1
2MASXJ15064412+0351444,9.6888140233200009,0.030765125869997689,0.030630398759999622,0,9.6653474037119391,0.03399181431806042,0.039289552071940292,0,8.7783659062064547,,,-1,0.1229,,,-1
2MASXJ15115979-2119015,11.3325719472,0.021077544300000639,0.023600345599998462,0,11.168135698869097,0.044508431430902107,0.010506184069097202,0,10.831158156017517,0.013066769882481566,0.10736835441751857,0,0.31519999999999998,0.0,0.062799999999999967,0
2MASXJ15462424+6929102,10.169859821900001,0.034733983599998908,0.030699518000000481,0,10.004852425633031,0.069506144766968703,0.026514813553029981,0,9.6696843177395806,0.029130402860419125,0.11604753234958132,0,0.31609999999999999,0.018600000000000005,0.068099999999999994,0
2MASXJ16481523-3035037,9.9767173555499991,,,-1,9.5756130857699997,,,-1,9.5943858983600006,,,1,0.52859999999999996,,,1
2MASXJ18570768-7828212,10.767181533699999,0.015829233900001682,0.031572129399998872,0,10.32300121676119,0.032390879938809292,0.020252157761190048,0,10.573632856947262,0.018288744552737768,0.037148217547260387,0,0.64039999999999997,0.013700000000000045,0.017315999999999998,0
2MASXJ19373299-0613046,10.375554155,0.011060714700001029,0.033884107200000457,0,10.219285120112092,0.012463745587908193,0.040083096612091751,0,9.8558486150030067,0.087333686116993547,0.09035061939300526,0,0.30220000000000002,0.055499999999999994,0.045900000000000052,0
2MASXJ19380437-5109497,10.1901071981,0.023383773400000862,0.0396082241000002,0,9.8365109243230684,0.061952053556931119,0.01537512530306806,0,9.9359623932737282,0.020586664576271119,0.096978587693726581,0,0.55700000000000005,0.0045999999999999375,0.079900000000000027,0
2MASXJ20005575-1810274,11.1517574707,0.014621334100000993,0.11871151369999922,0,10.517619686102554,0.094872657897445478,0.023157863602554229,0,11.037005578481386,0.016566285018612348,0.22690182218138411,0,0.76780000000000004,0.011299999999999977,0.15739999999999998,0
2MASXJ20101740+4800214,9.9113564062700004,0.017700394410001152,0.022528493310000286,0,9.8022801777590143,0.027447811610985084,0.019369407139015138,0,9.2579049648184739,0.06525548644152579,0.13345318417847452,0,0.22209999999999999,0.037400000000000017,0.055499999999999994,0
2MASXJ20183871+4041003,9.8360809100599997,,,-1,9.29638740567,,,-1,9.5761181452299997,,,1,0.68000000000000005,,,1
2MASXJ21090996-0940147,10.460562250399999,0.01774567190000198,0.017442809899998579,0,9.742957755142525,0.033346817897474068,0.022222310322524308,0,10.368188555243265,0.016410297156735254,0.018482043843265572,0,0.80840000000000001,0.0077000000000000401,0.008700000000000041,0
2MASXJ21355399+4728217,10.40491851,0.021343009800000701,0.030089294899999786,0,10.128784474443504,0.034133465356495307,0.032881074243505282,0,10.077478137763276,0.038815712336724317,0.079381014773277414,0,0.47049999999999997,0.023699999999999999,0.058399999999999952,0
2MASXJ23272195+1524375,10.4596045999,0.011950930999999443,0.041612053799999771,0,10.12799051659,0.039035193809999313,0.021384081589999937,0,10.187145856928558,0.012096853571442523,0.10674362212855826,0,0.53400000000000003,0.0064999999999999503,0.075900000000000023,0
2MASXiJ1802473-145454,8.9029351869800006,2.067351541319999,-2.0259121468199996,0,8.798633913939307,2.0682132773606945,-2.0195100980606941,0,8.2323330663410434,2.1349388113589569,-1.9561165598589572,0,0.2135,0.046000000000000013,0.031799999999999995,0
2MFGC02280,10.217537674099999,0.015780117700000318,0.019265355799998218,0,10.217537674099999,0.012474350099999754,0.024742404599997769,0,9.217537674099999,,,-1,0.1,,,-1
3C111.0,10.8723938269,0.042601328599999988,0.014999431599999724,0,10.579964002997936,0.011748836102063009,0.026488208497935872,0,10.562589906928514,0.10183234767148619,0.015229583528514112,0,0.48999999999999999,0.071599999999999997,0.0,0
3C120,11.074988424700001,0.015893843499998894,0.031423102999999841,0,10.734429206570319,0.032964582329682912,0.018148987270318884,0,10.810187973122314,0.012018709677684924,0.10983674882231398,0,0.54349999999999998,0.0,0.086799999999999988,0
4U1344-60,10.429127168500001,,,-1,9.9342771467799995,,,-1,10.1102073329,,,1,0.67920000000000003,,,1
6dFJ0626586-370559,10.4247677385,0.01328756860000091,0.033019801400000048,0,10.172567829364368,0.038614328035631473,0.0087699897643673808,0,10.068713651248066,0.0097933024519338829,0.10430288858806591,0,0.4405,0.0,0.068599999999999994,0
6dFJ2132022-334254,10.073634932000001,,,-1,9.3472581665500005,,,-1,9.8569076201300003,,,1,0.77910000000000001,,,1
ARK241,10.3534858657,0.019716103700000431,0.0364436603999998,0,9.7734416141897569,0.033161311110243119,0.019284317939757045,0,10.220953353559052,0.021339671340948385,0.045515254359052904,0,0.73699999999999999,0.0053999999999999604,0.011199999999999988,0
ARK347,10.2135623078,0.060512378899998609,0.020008162799999951,0,9.859769920006686,0.0073261091433138859,0.054121121446685905,0,9.959573415551926,0.14768778354807388,0.01437432709192521,0,0.55720000000000003,0.12049999999999994,0.0,0
ARP102B,9.7671327198399993,0.1011935554499992,0.012886123499999513,0,9.3229524029011905,0.017611095058809312,0.15700401822119048,0,9.5735840430872621,0.19463728007273851,0.013656859957261958,0,0.64039999999999997,0.1593,0.0,0
ARP151,9.56952149468,,,-1,-inf,,,-1,9.3984660186099998,,,1,1.0,,,1
AXJ1737.4-2907,10.3773284508,,,-1,9.8859440229499995,,,-1,10.065821826400001,,,1,0.61040000000000005,,,1
Ark120,10.8625930846,0.076320593200000175,0.011265667800000045,0,10.475588740632348,0.022022733267650807,0.055124885132348922,0,10.63329785281578,0.15004025538421928,0.014839698315778804,0,0.58979999999999999,0.10570000000000002,0.009199999999999986,0
CGCG102-048,9.5990598642799991,0.027716323619999983,0.026549643489998331,0,9.4556075091367475,0.039201998093252755,0.028440864676746003,0,9.0482295964452,0.07124787658479903,0.10092741597520138,0,0.28129999999999999,0.043200000000000016,0.044600000000000001,0
CGCG122-055,10.2841982596,0.019550688700000762,0.032740546500001244,0,10.066025412532428,0.033629494167572105,0.032127994632427104,0,9.8806853933365435,0.017863446853455756,0.10822817178654454,0,0.39489999999999997,0.015600000000000003,0.06629999999999997,0
CGCG229-015,10.0145933697,0.010584579699999708,0.043560996280000097,0,9.710337644897324,0.029676554472676031,0.021996098597323765,0,9.7167653205577107,0.011965683552288553,0.10917481562771059,0,0.50370000000000004,0.0083999999999999631,0.071500000000000064,0
CGCG300-062,10.007240765100001,0.022040460899999559,0.021925574850000018,0,9.8471585407786808,0.021162140531320262,0.021727658588680754,0,9.4962142898265096,0.076245586903489482,0.085820423626509879,0,0.30830000000000002,0.047300000000000009,0.043899999999999995,0
CGCG312-012,9.6041483117100004,0.027258435709999418,0.024143082160000162,0,9.392033662650924,0.020543810609076729,0.036859112790923021,0,9.1911854294534567,0.088769662636543956,0.067536916533457614,0,0.38640000000000002,0.066899999999999959,0.04720000000000002,0
CGCG319-007,10.737973560899999,0.018416525100001024,0.031743531399998304,0,10.507277021089081,0.015882763410919765,0.037887470189080119,0,10.352976175424587,0.088521900775413442,0.08815024602458621,0,0.41210000000000002,0.070999999999999952,0.050732000000000055,0
CGCG341-006,11.105448268699998,0.021288641500001759,0.021603773199998955,0,11.020161555673623,0.029407572326377363,0.022506544973623477,0,10.356599611875353,0.08370500842464601,0.12603891247535337,0,0.17829999999999999,0.033500000000000002,0.036395999999999984,0
CGCG367-009,9.676780293060002,0.034594917659998004,0.034272337120002661,0,9.2400239942003992,0.030205850899600151,0.12469271312039965,0,9.4790065307510716,0.072771016428928803,0.032222511481071692,0,0.63419999999999999,0.091600000000000015,0.009199999999999986,0
CGCG420-015,10.7278137796,0.14456313970000068,0.0081403617000006534,0,10.283633462661191,0.010703503538808334,0.13041166406119054,0,10.534265102847263,0.24322619305273641,0.007676349447262254,0,0.64039999999999997,0.16800000000000004,0.0,0
CGCG468-002NED01,10.544826327699999,0.016283001599999736,0.021671872799998937,0,10.513589375897247,0.014191891102752763,0.028475759397247558,0,9.664741737957991,,,-1,0.1318,,,-1
CGCG493-002,10.372518879899999,0.032262830100000528,0.024650957999998724,0,9.9283385629611907,0.062312816708809393,0.019174138141190511,0,10.178970203147262,0.023544069452738015,0.020703774147262877,0,0.64039999999999997,0.0,0.029999999999999916,0
CGCG535-012,10.576776988300001,0.017525221499999688,0.054822296700001161,0,10.060364285268895,0.090672997931106281,0.0067197267688943185,0,10.419074122628066,0.018044102671932905,0.12390875482806685,0,0.69550000000000001,0.0070999999999999952,0.10570000000000002,0
CenA,9.7259224676800002,0.028120870280000432,0.046598462249999528,0,9.7259224676800002,0.028120870280000432,0.046598462249999528,0,8.7259224676800002,,,-1,0.1,,,-1
ESO005-G004,10.1144839455,0.018867903300000322,0.0092316206999996098,0,10.100852539070273,0.015141247129728086,0.014217533270272753,0,9.1144839455,,,-1,0.1,,,-1
ESO031-G008,9.8385365226899992,0.031121950990000258,0.018469216569998892,0,9.5961602685983891,0.022040278291608928,0.041909976858390152,0,9.4696757729468111,0.087839243183189808,0.0377306110168103,0,0.42770000000000002,0.062299999999999967,0.0061000000000000498,0
ESO033-G002,10.329301819299999,0.022943017499999385,0.023913317099999887,0,9.8851215023611907,0.0233406048588094,0.024774832201190478,0,10.135753142547262,0.032138291152737253,0.028406942047261907,0,0.64039999999999997,0.013700000000000045,0.014900000000000024,0
ESO103-035,10.491729043499999,0.020767364300001034,0.02993728170000054,0,10.00387958042203,0.026985264677970022,0.026840816932029554,0,10.320904117417086,0.020958832082914824,0.029513269617087445,0,0.67479999999999996,0.0020999999999999908,0.0,0
ESO121-IG028,10.0814928036,0.027930383600001107,0.030780234399999884,0,9.8391165495083897,0.042325662671611752,0.041319351498389167,0,9.7126320538568116,0.061251284953188545,0.074722263786812348,0,0.42770000000000002,0.062299999999999967,0.054800000000000015,0
ESO137-34,10.198077940900001,0.0188003181999985,0.017112566800001616,0,10.096857954189826,0.016677396110173603,0.022872914489825646,0,9.5159324302314694,0.09303605585852992,0.081671890581468176,0,0.2079,0.040099999999999997,0.031099999999999989,0
ESO139-G012,10.1745391602,0.014974008999999455,0.01832020270000001,0,10.130515382448326,0.018669243551673986,0.014467475548325837,0,9.3421518329275308,,,-1,0.14710000000000001,,,-1
ESO141-G055,10.963015730999999,0.010660786600000804,0.053523091599998907,0,10.567349804102911,0.041678327497088219,0.015392660602909558,0,10.739644284420148,0.012376018679852052,0.12198352502014664,0,0.59789999999999999,0.0067000000000000393,0.085799999999999987,0
ESO157-G023,10.452169038200001,0.026802331899999032,0.026522615400001115,0,10.249505838975351,0.021032946724650614,0.028797827775351337,0,10.023761421561309,0.084933350838690913,0.083869112451308681,0,0.37290000000000001,0.054800000000000015,0.048399999999999999,0
ESO195-IG021NED03,10.786759090899999,0.020939518500002308,0.015716018699999168,0,10.691853059227871,0.02960274567212906,0.0089632116278703933,0,10.079679390500004,0.076330988699995217,0.15581785531000492,0,0.1963,0.033599999999999991,0.056299999999999989,0
ESO197-G027,10.9984468043,0.026449685499999376,0.0089766837000002653,0,10.980129531671286,0.023859501728713539,0.010862189971286185,0,9.9984468043000003,,,-1,0.1,,,-1
ESO198-024,10.339217851499999,0.078254784900000374,0.017761573799999653,0,9.8950375345611903,0.027392850048810757,0.19640975960119,0,10.145669174747262,0.1736460060527385,0.017708468747262174,0,0.64039999999999997,0.16800000000000004,0.014900000000000024,0
ESO209-G012,11.1378525075,0.017536479700000385,0.028945479900000848,0,10.935881300904073,0.020016885495927284,0.021334074904073574,0,10.708278685858973,0.073140736841025955,0.091473158458972748,0,0.37190000000000001,0.060299999999999965,0.051600000000000035,0
ESO244-IG030,10.6755005156,0.0076203445000011527,0.025154061800000349,0,10.6755005156,0.0069474533000004612,0.026127146500000364,0,9.6755005155999996,,,-1,0.1,,,-1
ESO263-G013,10.3771850154,,,-1,9.8362528991199998,,,-1,10.0922587425,,,1,0.67799999999999994,,,1
ESO297-018,10.532292117799999,0.014641980300000412,0.017655177500000008,0,10.439649725931172,0.016633589368828083,0.016488722931173427,0,9.8158194826616931,0.082118888368308163,0.096043694021693327,0,0.19209999999999999,0.03510000000000002,0.031700000000000006,0
ESO323-077,10.923780770499999,0.020391243000000614,0.019302692200000138,0,10.822999188351371,0.030770139648629069,0.015576034351370893,0,10.239960869393451,0.079165730506549181,0.14370514209345053,0,0.20710000000000001,0.037199999999999983,0.058800000000000019,0
ESO362-18,10.1691616517,0.019558769699999701,0.025653436200000712,0,9.9667753818530755,0.019570957676924294,0.024709043063076308,0,9.740287928784312,0.087958847285687369,0.09295701477431173,0,0.3725,0.069300000000000028,0.056599999999999984,0
ESO374-G044,10.368628139,0.051678062499998845,0.0094595090999991527,0,10.045321748624866,0.014330651375134451,0.054415599924865887,0,10.088787442405957,0.11822433999404325,0.011111063005957433,0,0.52500000000000002,0.08989999999999998,0.0059000000000000163,0
ESO383-18,10.108074956099999,0.019578439300000028,0.027622737699999789,0,9.4097559053935758,0.059789594266424828,0.014996736623576368,0,10.011002052117263,0.015963018482736402,0.024797223707262006,0,0.79969999999999997,0.0,0.0097999999999999199,0
ESO399-20,10.473454863300001,0.013118047899999041,0.025828564400001142,0,10.325873856237003,0.022821396262997951,0.018791890837002612,0,9.9329981215804128,0.04452377946958741,0.09884783543041209,0,0.28810000000000002,0.039599999999999969,0.045200000000000018,0
ESO417-G006,9.5495658047000003,0.0238484769699987,0.021292988060000795,0,9.4105622414571961,0.036914783992804345,0.022434025897194232,0,8.987157836953962,0.049787115276037852,0.10177842249396107,0,0.27389999999999998,0.038924000000000014,0.053099999999999981,0
ESO426-G002,10.158735593699999,0.034363566399999712,0.021527385700000679,0,9.8006061391763115,0.012273389733689299,0.083105686996310268,0,9.9081626928217474,0.094115484878251721,0.021410256391748206,0,0.56159999999999999,0.083100000000000063,0.0021999999999999797,0
ESO439-G009,10.455443150000001,0.025923847799999677,0.01767334940000076,0,10.298364270759983,0.018083380840016261,0.028015381859983535,0,9.9376018454112778,0.089287740488723344,0.067155255781276679,0,0.30349999999999999,0.052100000000000035,0.039099999999999968,0
ESO464-G016,10.4819700537,0.023617452399999905,0.014604859299998552,0,10.455882624119704,0.026630072180296338,0.01503757751970447,0,9.523757372671751,,,-1,0.1101,,,-1
ESO479-G031,9.4932407471500007,0.0378061026999994,0.027774238100001014,0,9.2908544773030766,0.045340855656924361,0.066588912213077833,0,9.0643670242343131,0.09019650081568642,0.049567348114313958,0,0.3725,0.069300000000000028,0.043500000000000039,0
ESO490-IG026,10.837208436300001,0.032311909399998839,0.010965238400000743,0,10.689139114940268,0.026680854459732117,0.022757074140267619,0,10.297955978144198,0.099966137555801637,0.022000155044199943,0,0.28889999999999999,0.054200000000000026,0.01319999999999999,0
ESO499-G041,9.7919644802899999,0.01381150265999942,0.030116538550000627,0,9.5961039126253507,0.03099265422464903,0.008439424115350036,0,9.3518711053261132,0.01139946176388662,0.11146742916611352,0,0.36299999999999999,0.0,0.060400000000000009,0
ESO506-G027,10.5615531276,0.011156199700000258,0.04355641330000104,0,10.217555448282956,0.034957014717043933,0.015551775382956379,0,10.299619842377469,0.011708482422530864,0.10685610437746895,0,0.54710000000000003,0.0065999999999999392,0.078400000000000025,0
ESO509-G038,10.317529047300001,0.025707791000000313,0.020873042899999916,0,10.136216710741515,0.0091478270584843813,0.039820555041513828,0,9.8506653355786398,0.099913854381361134,0.020023450588640301,0,0.34129999999999999,0.07080000000000003,0.0,0
ESO509-IG066NED01,10.818796169700001,0.01686159819999844,0.023376001100000821,0,10.714494896659307,0.016383576040693626,0.026225995959306303,0,10.148194049061043,0.089151779838957168,0.10502416106104384,0,0.2135,0.046000000000000013,0.039899999999999991,0
ESO511-G030,10.366015261499999,0.023659473400000408,0.022345513999999511,0,10.321991483748326,0.032585392451673911,0.021629160548325643,0,9.5336279342275301,,,-1,0.14710000000000001,,,-1
ESO533-G050,9.9805023521600003,0.017668148159998509,0.01776374177999962,0,9.9805023521600003,0.017668148159998509,0.01776374177999962,0,8.9805023521600003,,,-1,0.1,,,-1
ESO548-G081,10.1934639972,0.029007803299998969,0.022606015400000956,0,9.9547150715086623,0.025802089641338455,0.019141803938662605,0,9.819701682346901,0.092082986673098333,0.090527709696901937,0,0.4229,0.071299999999999975,0.059900000000000009,0
ESO549-G049,11.0752222394,0.028279507600000642,0.018158414300000203,0,11.0752222394,0.025201235999999128,0.026180232499999789,0,10.0752222394,,,-1,0.1,,,-1
ESO553-G022,10.2123909579,0.024477547300000069,0.022995686599999843,0,10.128370872040225,0.038681500459775364,0.026558963340225006,0,9.4576567973574619,0.077132838322539143,0.1803289498574614,0,0.1759,0.031700000000000006,0.0562,0
ESO553-G043,10.0519684921,,,-1,9.5608587390299995,,,-1,9.7700116979100002,,,1,0.67479999999999996,,,1
ESO565-G019,10.5861254851,0.0087398264999993813,0.035574859900000533,0,10.578767354978398,0.0065864178216017422,0.044060775478397929,0,9.5861254851000002,,,-1,0.1,,,-1
ESO578-G009,10.464849604699999,0.02222475639999999,0.020992172199999715,0,10.415311823605597,0.026451727294404037,0.022453868305596814,0,9.4974683655507199,0.12442709385928197,0.22591486569071861,0,0.10780000000000001,0.028899999999999981,0.043200000000000002,0
Fairall1146,10.984980611600001,0.015723073000000198,0.038003373800000517,0,10.658370189788306,0.034080739911694025,0.018054413788306078,0,10.708107770395692,0.013926971004307731,0.1182808582956909,0,0.52859999999999996,0.0,0.086799999999999933,0
Fairall272,10.3222203696,0.025653424999999785,0.014276022699998947,0,10.222915144052399,0.042949170247601032,0.0090394894523981861,0,9.6327012610626745,0.071729920307324946,0.16319902843267364,0,0.2044,0.026228000000000029,0.065099999999999991,0
Fairall49,10.959258427,0.059451451699999325,0.010478404799998842,0,10.699226123759509,0.021522650840491764,0.04791820125950963,0,10.612953222315081,0.16332374828491858,0.0094548477150802057,0,0.45050000000000001,0.11509999999999998,0.01319999999999999,0
Fairall51,10.481789517399999,0.05304394600000073,0.016238953300000247,0,10.169675042248706,0.015747551251294567,0.045333492548705223,0,10.191568119248224,0.14417930545177704,0.012910966348224306,0,0.51259999999999994,0.1129,0.0,0
Fairall9,11.200254931199998,0.015548223500001512,0.021971078199998217,0,10.544450647071432,0.021688344928568526,0.039621381071432538,0,11.091848135548963,0.013873589851037593,0.01774292574896208,0,0.77910000000000001,0.010800000000000032,0.0,0
HB890241+622,11.105746868299999,0.014918215900001641,0.015034482599999066,0,10.428172920705951,0.027466334094048861,0.029493199605949982,0,11.00331898212573,0.012641395874268824,0.013658685925731717,0,0.78990000000000005,0.0097999999999999199,0.010800000000000032,0
IC0486,10.6402205422,0.015627356000001313,0.027151660699999525,0,10.540915316652399,0.0097810225476013812,0.037912895552398851,0,9.9507014336626742,0.097052775837326521,0.07377712917267587,0,0.2044,0.045500000000000013,0.022699999999999998,0
IC1657,10.309828770999999,0.010720743200000271,0.021817212100000205,0,10.309828770999999,0.0092128840000000878,0.024156744699999066,0,9.3098287709999994,,,-1,0.1,,,-1
IC1816,10.463653600200001,0.018929461199999054,0.020943120400000126,0,10.385236040593417,0.014899531206582495,0.030963002993416922,0,9.6816636431843648,0.11331520797563499,0.086267476904364315,0,0.16520000000000001,0.048299999999999982,0.025900000000000006,0
IC2461,9.4786373386899996,0.011891952070001821,0.014945495629998362,0,9.4786373386899996,0.010637311099999991,0.016627689759999953,0,8.4786373386899996,,,-1,0.1,,,-1
IC2637,11.015313685899999,0.023277051500000923,0.012039615599999109,0,11.015313685899999,0.022949282600000842,0.012699480999998514,0,10.015313685899999,,,-1,0.1,,,-1
IC2921,10.4711533779,0.019646159699998833,0.097677413800001389,0,9.6378794334800517,0.22969834192994831,0.010833797990052574,0,10.402204224677391,0.017913493622609522,0.17848332617739082,0,0.85319999999999996,0.0026000000000000467,0.15059999999999996,0
IC4329A,10.7097508634,0.018242794000000728,0.017570173000001077,0,10.117141767870731,0.028481323429268457,0.02543591767073039,0,10.581615565488194,0.018274167311805201,0.019982075088194051,0,0.74450000000000005,0.011599999999999944,0.011300000000000088,0
IC4518A,10.834955777399999,0.019836634300000711,0.019344940399998123,0,10.787263787062125,0.01942347723787563,0.019845811962124316,0,9.8519891166987801,0.1180044907512201,0.18267118931878024,0,0.10400000000000001,0.027799999999999991,0.034600000000000006,0
IC4709,10.106655007999999,0.012536458700001418,0.036972180799999421,0,9.8679060823086608,0.037428397551339643,0.01292749281866179,0,9.7328926931468995,0.010420712703099966,0.1050215229269007,0,0.4229,0.009299999999999975,0.070099999999999996,0
IC5063,10.6715175586,0.023431107400000428,0.055278776399999785,0,10.210468120614362,0.084172994785637556,0.030195089814361253,0,10.487161707731966,0.015674959868034577,0.14521740123196558,0,0.65410000000000001,0.012499999999999956,0.12550000000000006,0
IGRJ11366-6002,10.077373254600001,0.014897222300000124,0.019806537300000926,0,10.020422365608407,0.020868157891593242,0.018197244308407079,0,9.1669251374864551,0.086175682083544203,0.18725913002645456,0,0.1229,0.023800000000000002,0.040299999999999989,0
IGRJ23308+7120,10.490838033699999,0.016574500000000825,0.022265596499998708,0,10.47329018508499,0.016462214015010801,0.030716546284988766,0,9.5388912068156078,,,-1,0.11169999999999999,,,-1
IISZ010,10.227422284799999,0.019664470300000403,0.020815441199999896,0,9.4501387559475827,0.023303886552417552,0.023467306737583016,0,10.148067286206787,0.020569427393212436,0.023533538206788052,0,0.83299999999999996,0.0070000000000000062,0.0056799999999999073,0
IIZw083,10.977912444000001,0.015358040899998926,0.016740314599999806,0,10.533732127061192,0.019303176438807412,0.024971632161191692,0,10.784363767247264,0.01627000715273752,0.01502791514726276,0,0.64039999999999997,0.013700000000000045,0.0,0
IRAS03219+4031,11.150699528599999,0.015360097200000311,0.02767753839999898,0,11.150699528599999,0.0145703978000018,0.029250314299998692,0,10.150699528599999,,,-1,0.1,,,-1
IRAS04124-0803,11.0239201466,0.025927800299999859,0.01610070150000098,0,10.431311051070731,0.047698887829268344,0.016245745670731893,0,10.895784848688194,0.020692747211805695,0.014748471188195111,0,0.74450000000000005,0.0,0.011300000000000088,0
IRAS05078+1626,10.478901604800001,0.082501653699999622,0.017050079000000551,0,10.102254286337994,0.027236760262006499,0.073701566337993185,0,10.242254713548217,0.17295327265178351,0.028928164548217339,0,0.57989999999999997,0.13340000000000007,0.027499999999999969,0
IRAS05218-1212,10.9656237796,0.01969739730000164,0.016927052599999826,0,10.35283557991373,0.033273988686270073,0.024201123413730485,0,10.844203017662219,0.016976278837782743,0.01805922176222019,0,0.75609999999999999,0.011700000000000044,0.011599999999999944,0
IRAS05589+2828,10.9321496544,0.12069368909999945,0.0082286162000002605,0,10.555502335937993,0.025644734662007451,0.12379216573799212,0,10.695502763148216,0.23895625605178417,0.0082286162482159142,0,0.57989999999999997,0.17620000000000002,0.014299999999999979,0
KAZ320,10.555703465800001,0.010304646199999823,0.047910783700000792,0,10.179056147337993,0.031088987262007706,0.02966876213799452,0,10.319056574548217,0.013134538251783567,0.14549292304821648,0,0.57989999999999997,0.015000000000000013,0.099499999999999977,0
KUG1141+371,9.9002116742399995,0.033063577760000129,0.039346739139999087,0,9.4742429419677183,0.056399629282282149,0.093509620457718157,0,9.6960916915840745,0.049804683335924693,0.052553708984074632,0,0.625,0.070500000000000007,0.035200000000000009,0
KUG1208+386,10.0657759137,0.018398647200001506,0.10017291948000029,0,9.4099716295714337,0.12571980342856648,0.022721829011432604,0,9.9573691180489643,0.017386217241034174,0.21276947225896414,0,0.77910000000000001,0.010800000000000032,0.16869999999999996,0
LCRSB034324.7-394349,10.5264082133,0.12276705000000021,0.012475392299998944,0,9.9913446424217334,0.028313353378267792,0.15173935587173304,0,10.37662545509839,0.20183246560161017,0.013052918098388488,0,0.70830000000000004,0.14119999999999999,0.0057000000000000384,0
LCRSB232242.2-384320,10.647261867300001,0.02668739529999975,0.011308631300000371,0,10.636667185301517,0.029036556298482452,0.012299274801517157,0,9.647261867300001,,,-1,0.1,,,-1
LEDA138501,10.1539238475,,,-1,9.6262205193899995,,,-1,9.8808644262399987,,,1,0.68000000000000005,,,1
LEDA170194,10.567333444700001,0.020235947199999771,0.024115690700000414,0,10.371472877035352,0.029511671664648631,0.017407417435350681,0,10.127240069736114,0.043553433463886293,0.093373111536113385,0,0.36299999999999999,0.016800000000000037,0.060400000000000009,0
LEDA214543,10.097120518300001,0.039113244099999278,0.021180233500000867,0,9.8276605547771201,0.015113855722878711,0.031983054547120915,0,9.7620444117380831,0.10432055064191736,0.023330396368082873,0,0.46229999999999999,0.075199999999999989,0.009000000000000008,0
LEDA38038,11.014259129600001,0.049675262399999198,0.014194031900000681,0,10.77324667646762,0.012087536332380466,0.065381139567620039,0,10.64356676967375,0.16009028372624812,0.012323294173750554,0,0.4259,0.1265,0.0,0
M106,9.8643319740299997,0.0084275772499999846,0.0055043016999984928,0,9.8643319740299997,0.0050693038500000398,0.0085803556900003741,0,8.8643319740299997,,,-1,0.1,,,-1
MCG+00-09-042,10.9522325797,0.010320504300000977,0.028323944500000309,0,10.9522325797,0.010320504300000977,0.028323944500000309,0,9.9522325797000004,,,-1,0.1,,,-1
MCG+01-57-016,10.547052732699999,0.027362561300000365,0.01767961759999892,0,10.382172323124548,0.02725681957545234,0.020484196624549256,0,10.046602358605147,0.088218689494851787,0.08204074328514821,0,0.31590000000000001,0.056599999999999984,0.04720000000000002,0
MCG+02-21-013,10.7080775459,0.014959734999999696,0.020111754700000262,0,10.7080775459,0.013126150999999808,0.022824354300000849,0,9.7080775459000002,,,-1,0.1,,,-1
MCG+02-57-002,10.4041234444,0.027911317299999183,0.013146429200000753,0,10.291234147524884,0.0305966812751155,0.016480746224884157,0,9.763769237074543,0.087817914775456529,0.087646827504542557,0,0.22889999999999999,0.039800000000000002,0.043999999999999984,0
MCG+04-22-042,10.4617692937,0.018337947200000926,0.025812010600001045,0,9.8727151523877748,0.024849182432225447,0.016865039927774106,0,10.332407256910805,0.018337947189193571,0.025812010610804847,0,0.74239999999999995,0.0,0.0,0
MCG+04-48-002,10.898761323800001,0.012673621499999399,0.017845623000001254,0,10.898761323800001,0.012673621499999399,0.017915864200000797,0,9.8987613238000005,,,-1,0.1,,,-1
MCG+05-03-013,10.804553652000001,0.014752214299999622,0.018667204700001605,0,10.804553652000001,0.014245706199998764,0.019906114300001221,0,9.804553652000001,,,-1,0.1,,,-1
MCG+05-28-032,10.3899105498,0.024807840200001152,0.01367846019999952,0,10.32476235276566,0.028729833534340443,0.018565974865660806,0,9.533861666223963,0.097775161496036489,0.10833788912396258,0,0.13930000000000001,0.025900000000000006,0.029200000000000004,0
MCG+06-16-028,10.5581577081,0.021402901200000102,0.022038070799998977,0,10.385139045011993,0.049227628888006691,0.0069050549119928917,0,10.074825267199042,0.010552468800957726,0.11561691367904281,0,0.3286,0.0,0.065000000000000002,0
MCG+06-24-008,10.421419606599999,0.024652175300001744,0.013983687599999683,0,10.421419606599999,0.024652175300001744,0.014142839899999871,0,9.4214196065999989,,,-1,0.1,,,-1
MCG+06-49-019,9.7977311612699989,0.021886672000000829,0.017797673699998739,0,9.6972780923608664,0.021293524089132987,0.027442543180866252,0,9.1126512172624192,0.10787987172757951,0.086724354582418783,0,0.20649999999999999,0.036100000000000021,0.032899999999999985,0
MCG+08-11-011,10.997446365899998,0.067434950400002691,0.01073023789999894,0,10.620074792029323,0.023589908870677689,0.041359971729322709,0,10.761323397395653,0.14655297180434701,0.01347031439565427,0,0.5806,0.10680000000000001,0.010900000000000021,0
MCG+11-11-032,10.183175051100001,0.028486236399999143,0.019699677500000234,0,9.9529215182794548,0.019008729010545622,0.029079275789454684,0,9.7975448906482896,0.088661480871710552,0.064735306488289623,0,0.41149999999999998,0.063900000000000012,0.049199999999999966,0
MCG+12-10-067,10.831153349999999,0.014645363399999667,0.020914274799999077,0,10.746658711754376,0.015351707645624657,0.019715243854376396,0,10.078635610677054,0.087582620222946161,0.15875755065705377,0,0.17680000000000001,0.035699999999999982,0.0499,0
MCG-01-05-047,10.6640164014,0.017213256800001631,0.011625880200000438,0,10.657496720469997,0.013719771930002622,0.018353383669996504,0,9.6640164013999996,,,-1,0.1,,,-1
MCG-01-09-045,9.1387073866099993,0.025103156050001019,0.056802305769998895,0,9.1248966863468226,0.027911641773176399,0.072407767016821722,0,8.1875374731383488,,,-1,0.1119,,,-1
MCG-01-13-025,9.4439018607800005,0.024470539039999295,0.041901158010000827,0,8.9172428249659355,0.063035166184064906,0.024154043165935946,0,9.2906100062360064,0.031050072303992593,0.081051953026005208,0,0.7026,0.010599999999999943,0.0877,0
MCG-01-24-012,10.2683276745,0.023995347399999645,0.026974693999999744,0,10.052231253772735,0.023036353927263775,0.022092578472735269,0,9.8616137415204577,0.081996084099541733,0.087507557170457773,0,0.39200000000000002,0.061299999999999966,0.052800000000000014,0
MCG-01-30-041,10.414041938900001,0.019878914399999559,0.016339829600001465,0,10.380793602951378,0.022251122548620828,0.01815530615137817,0,9.5339573491579923,,,-1,0.1318,,,-1
MCG-01-33-063,10.228129476099999,0.01693529730000165,0.017619850499999146,0,10.228129476099999,0.014866632700000437,0.021570549399999805,0,9.2281294760999995,,,-1,0.1,,,-1
MCG-01-40-001,10.7119191752,0.015975431099999327,0.019952501999998873,0,10.7119191752,0.014148192899998691,0.022030011600000066,0,9.7119191752000003,,,-1,0.1,,,-1
MCG-02-02-095,9.436685788310001,,,-1,9.1437844427599995,,,-1,8.9589844966699985,,,1,0.38799999999999996,,,1
MCG-02-08-014,9.8477439742099993,0.018934982530000255,0.026140516299999916,0,9.6457727676140728,0.0235514741559264,0.020935338284072458,0,9.4181701525689725,0.046180619081027885,0.086065182458971989,0,0.37190000000000001,0.040200000000000014,0.051600000000000035,0
MCG-02-08-038,10.260508983899999,0.014461994099999487,0.053337965899999062,0,9.8254116564292033,0.059977362010796398,0.0090652372192039365,0,10.06177545438962,0.014744591910380578,0.11653990317961949,0,0.63280000000000003,0.0035999999999999366,0.089700000000000002,0
MCG-02-12-050,10.722165952699999,0.016168396200001212,0.023314262799999597,0,10.675877333127554,0.018754819672446743,0.02337263892755459,0,9.7269171082909995,0.14767076189900052,0.22890744832099941,0,0.1011,0.0436,0.039499999999999993,0
MCG-02-14-009,10.470191841,0.025854054999999931,0.031957768099999839,0,10.142382092188253,0.033873273011746363,0.031181404488252795,0,10.194385760514329,0.03490469488566994,0.082697083714329267,0,0.52990000000000004,0.01529999999999998,0.067600000000000049,0
MCG-03-04-072,10.560572343800001,0.014532755199999414,0.070411878099999825,0,9.9805280922897577,0.073802742510242325,0.01700262964975785,0,10.428039831659053,0.014155852440946859,0.14305186065905318,0,0.73699999999999999,0.0053999999999999604,0.10960000000000003,0
MCG-03-34-064,10.9782984396,0.043379087300001729,0.019635905699997735,0,10.744636914851286,0.017095234948714122,0.059872055251286582,0,10.597496155392946,0.1567458154070529,0.01548886819294637,0,0.41610000000000003,0.12480000000000002,0.0,0
MCG-05-23-016,10.061706647399999,0.025023562999999527,0.032404362799999475,0,9.5718493468025727,0.021507328017428051,0.031150333532572461,0,9.8918460348253419,0.026699963634658985,0.033190819635342095,0,0.67630000000000001,0.0037000000000000366,0.0015000000000000568,0
MCG-06-30-015,9.8680667556500001,0.015931290519999308,0.032566122969999611,0,9.311016625227861,0.048171535002138555,0.021240002087862919,0,9.7270248103680057,0.014347664621993772,0.028541237078005821,0,0.72270000000000001,0.0,0.0093999999999999639,0
MCG-07-03-007,10.326427643800001,0.025026894599999849,0.023662690100000106,0,10.050293608243505,0.040898527556494813,0.0095957390435064127,0,9.9989872715632764,0.01593721323672348,0.10099875704327665,0,0.47049999999999997,0.0,0.083799999999999986,0
Mrk10,10.644217259400001,0.018102170699998865,0.014464320100001871,0,10.613772943620845,0.01531612977915664,0.017789700620845394,0,9.7799857739678231,,,-1,0.13669999999999999,,,-1
Mrk1018,10.429372688899999,0.022679009100000869,0.10943595110000004,0,9.5792073856157849,0.13201731947421536,0.023770944075785394,0,10.36326472466421,0.02267900913578913,0.17269002366420949,0,0.85880000000000001,0.0,0.11640000000000006,0
Mrk1210,10.3313007436,0.13380566060000021,0.0029638889000001001,0,9.96919056018079,0.023674157479209867,0.10941129290078955,0,10.083810144388844,0.2513101389111565,0.0049706301888434723,0,0.56559999999999999,0.17890000000000006,0.01319999999999999,0
Mrk1310,9.608176147910001,0.024640083709998706,0.023830536260001978,0,9.4007079098113078,0.030527639418691521,0.025694434001307442,0,9.1877311083110005,0.071742153218998794,0.079680276000999584,0,0.37980000000000003,0.052399999999999947,0.052100000000000035,0
Mrk1392,10.6694595166,0.028411181399999208,0.02391267730000024,0,10.40337866761239,0.026449412487609791,0.02332946621238996,0,10.330419808376083,0.082311765123916913,0.080914600576083018,0,0.45810000000000001,0.066900000000000015,0.06140000000000001,0
Mrk18,10.1391781802,0.018600342899999234,0.018401260199999214,0,10.1391781802,0.014997242399999777,0.023194948900000512,0,9.1391781802000001,,,-1,0.1,,,-1
Mrk198,10.4223474884,0.022451827999999452,0.019170960400000325,0,10.33859081886534,0.018630873334659626,0.032281255165340639,0,9.6663770774300222,0.13193482118997757,0.088040727090023196,0,0.1754,0.057100000000000012,0.027100000000000013,0
Mrk202,9.7343376853599999,0.016550251579998232,0.027633055920000871,0,9.5843709430497697,0.032887352030231298,0.015955085299770744,0,9.1997205368084174,0.028458326531582756,0.12800684587841715,0,0.29199999999999998,0.010599999999999998,0.063099999999999989,0
Mrk279,10.757580813199999,0.046667305499999756,0.012654040699999314,0,10.459494024412344,0.036658036987656573,0.029852748712343669,0,10.453587528418545,0.13857715278145477,0.01387590721854437,0,0.49659999999999999,0.098299999999999998,0.016199999999999992,0
Mrk290,10.248859640800001,0.017278148299999074,0.014703187000000284,0,9.6360714411137316,0.032599787746269371,0.020109158903730773,0,10.12743887886222,0.015544613937779062,0.017567594162219535,0,0.75609999999999999,0.011700000000000044,0.011599999999999944,0
Mrk335,10.3321523605,0.017994648000000169,0.014874014000000102,0,9.7751022300778612,0.029928012292138817,0.023011997367861525,0,10.191110415218006,0.016439683281994633,0.014370514418004632,0,0.72270000000000001,0.010499999999999954,0.0093999999999999639,0
Mrk348,10.2839369611,0.15070377480000019,0.010864862200000047,0,9.7921972666123356,0.018574937377664469,0.11459822685233512,0,10.114974446740026,0.23685093585997308,0.015620348540025475,0,0.67769999999999997,0.14588000000000001,0.011099999999999999,0
Mrk352,8.9840141571299998,,,-1,8.6620092596600013,,,-1,8.5358553905299992,,,1,0.42770000000000002,,,1
Mrk359,10.388198664299999,0.016430604600000009,0.028078120300000009,0,10.27934569474877,0.014838772951229373,0.041313759648769377,0,9.7339643574144876,0.090765602615512364,0.088352527844486772,0,0.22170000000000001,0.053999999999999992,0.034700000000000009,0
Mrk417,10.253804454500001,0.021107392199999353,0.019613569500000594,0,9.598000170371435,0.022685421968564157,0.033479026341435514,0,10.145397658848966,0.024821551651033502,0.021541599448964277,0,0.77910000000000001,0.010800000000000032,0.011299999999999977,0
Mrk477,11.0579576658,0.020902554799999251,0.026398830199999779,0,10.885972730023976,0.026193204376024681,0.033990809823976065,0,10.572505418460286,0.086664891039713865,0.10093619026028655,0,0.32700000000000001,0.074199999999999988,0.059900000000000009,0
Mrk50,9.529028417200001,,,-1,9.0657971404199991,,,-1,9.2078384914000004,,,1,0.61890000000000001,,,1
Mrk509,11.1524556453,0.014917244699999443,0.040289435500000081,0,10.79034546188079,0.04000959401920845,0.018495436780790797,0,10.904965046088844,0.011274186111156936,0.14682205618884403,0,0.56559999999999999,0.0,0.11509999999999998,0
Mrk590,10.592207462399999,0.02095578670000009,0.021712223399999786,0,10.426310118112793,0.020551578087207645,0.018520326912792484,0,10.093951192027994,0.076636264572005786,0.082713914827992951,0,0.3175,0.047999999999999987,0.044300000000000006,0
Mrk595,10.2710269324,0.012365940699998745,0.03103270489999943,0,10.097749452568992,0.01834195983100706,0.022837695868993535,0,9.7882228303499748,0.024728181350024414,0.098051816379975065,0,0.32899999999999996,0.012300000000000033,0.048299999999999954,0
Mrk6,10.5227165694,0.018824363100000241,0.02487002149999995,0,10.078536252461191,0.042075962638808306,0.014438925361190513,0,10.329167892647263,0.015053221952737061,0.02856680724726246,0,0.64039999999999997,0.0,0.029999999999999916,0
Mrk618,11.374089122400001,0.018305229899999276,0.027200215600000632,0,11.191588384267758,0.037338948132241256,0.012294696167758801,0,10.909509840456174,0.013254181343826943,0.10782574645617338,0,0.34310000000000002,0.0,0.067400000000000015,0
Mrk653,10.5022019075,0.0081197757000008863,0.050632359899999813,0,10.158204228182957,0.0393807409170428,0.0085296716829574848,0,10.240268622277469,0.0084543898225319936,0.11571767387746945,0,0.54710000000000003,0.0031999999999999806,0.078400000000000025,0
Mrk704,10.5564455123,0.020359440500000048,0.018684862399998892,0,9.900641228171434,0.020233054668565842,0.027336217181433753,0,10.448038716648965,0.025278921751036521,0.020382976148965781,0,0.77910000000000001,0.010800000000000032,0.011299999999999977,0
Mrk728,9.7022964401799996,,,-1,9.4256231833200008,,,-1,9.2015570382800007,,,1,0.38799999999999996,,,1
Mrk739E,10.902555279100001,0.029076064099998078,0.0081938831000023526,0,10.83365702473264,0.043575066167360177,0.0080973037326401709,0,10.068985392943285,0.08511601245671585,0.17238500865328632,0,0.1467,0.026900000000000007,0.0504,0
Mrk766,10.586361269299999,0.030630770200001933,0.01307898800000018,0,10.470590038932603,0.031046647667396954,0.020695589032602157,0,9.9555771267101427,0.10206201688985672,0.080179605910142726,0,0.23399999999999999,0.047999999999999987,0.03839999999999999,0
Mrk79,10.823209368199999,0.012271959000001331,0.051546579800000103,0,10.445837794329323,0.053166075670675994,0.005932206429323017,0,10.587086399695654,0.015234963104346022,0.1207073100956535,0,0.5806,0.009199999999999986,0.086400000000000032,0
Mrk817,11.160008470499999,0.033966194300001362,0.017673231599998118,0,10.899976167259508,0.029851761240490049,0.034771627759507595,0,10.81370326581508,0.029144442384918534,0.015271955515080649,0,0.45050000000000001,0.014500000000000013,0.01319999999999999,0
Mrk841,10.780132759400001,0.018029069500000716,0.02118021340000098,0,10.275538322546193,0.021286047353806126,0.032826629546192976,0,10.617152707940908,0.017157072659090389,0.018000836140908305,0,0.68710000000000004,0.010599999999999943,0.0068000000000000282,0
Mrk885,10.1839500237,0.014282411499999981,0.020271032500000175,0,10.172330588922009,0.012684046777991398,0.023775829822008987,0,9.1839500236999996,,,-1,0.1,,,-1
Mrk926,11.0318907665,0.066001817199998314,0.0097188295999988128,0,10.705280344688305,0.021358623511696706,0.054822171088304117,0,10.755017925295691,0.14834874510430751,0.01542769469569194,0,0.52859999999999996,0.11180000000000001,0.016000000000000014,0
Mrk975,11.233847367300001,0.0085784780999986765,0.053503306800001482,0,10.893288149170319,0.059937853829680421,0.0046684201703186545,0,10.969046915722314,0.0059018212776855705,0.1352575955223152,0,0.54349999999999998,0.0,0.10169999999999996,0
NGC1052,9.2104983804899998,0.016116421840001394,0.064511411889998982,0,8.7494489425043618,0.05137804281563696,0.016969617534362769,0,9.0261425296219659,0.017802188508035499,0.14290218583196612,0,0.65410000000000001,0.012499999999999956,0.11060000000000003,0
NGC1106,10.166371032899999,0.021916774100001035,0.019295291799998893,0,10.030763438050588,0.031055233649411207,0.0088378737505880878,0,9.5948298064155786,0.072723393564421812,0.11757236178557839,0,0.26819999999999999,0.034399999999999986,0.056476000000000026,0
NGC1125,10.276968587300001,0.018273563199999288,0.023213584400000542,0,10.228403252832013,0.018927053467987065,0.026967540132012857,0,9.3014542549991681,0.1425834524808316,0.16319585941916692,0,0.10580000000000001,0.0378,0.029499999999999998,0
NGC1194,10.146260816,0.013886997100000187,0.018190598899998633,0,9.490456531871434,0.024846828418565892,0.032966664891432629,0,10.037854020348965,0.015630274951035972,0.017821181148965692,0,0.77910000000000001,0.010800000000000032,0.011299999999999977,0
NGC1365,11.034412615899999,0.036898987400000749,0.0070821990999991868,0,11.034412615899999,0.03338877400000051,0.010525694700000088,0,10.034412615899999,,,-1,0.1,,,-1
NGC2110,10.2693574135,0.023975238000000232,0.018254137599999609,0,10.147706835717775,0.051731113582224708,0.0036179903177764317,0,9.6572808804734365,0.0080290917565637443,0.17078816996343527,0,0.24429999999999999,0.0,0.078100000000000003,0
NGC235A,10.747179167999999,0.028917804200000674,0.011681860599999538,0,10.715942216197247,0.033469609002752421,0.012375503097247886,0,9.818324458451082,,,-1,0.1178,,,-1
NGC2655,9.5923287403300002,0.017740190480001417,0.017902192069998435,0,9.5008673725019595,0.020253239158041225,0.017720076891958314,0,8.8708537050670184,0.081248030362981893,0.10780380536701806,0,0.18990000000000001,0.032799999999999996,0.034300000000000025,0
NGC2885,10.1196818117,0.019778832600000129,0.018532926200000688,0,10.02607073285283,0.021085203347169568,0.024122299552828963,0,9.4072596207787047,0.1031989379412952,0.098883803698704753,0,0.19389999999999999,0.038099999999999995,0.033500000000000002,0
NGC2992,10.380784373600001,0.014386816299998273,0.02066168260000012,0,10.376551152649975,0.012576239950025325,0.025620136749974876,0,9.3807843736000009,,,-1,0.1,,,-1
NGC3035,10.0635122841,0.012793410700000507,0.017511042899998941,0,10.0635122841,0.012793410700000507,0.017520210299998951,0,9.0635122840999998,,,-1,0.1,,,-1
NGC3079,11.028150948,0.0066220810999997326,0.024012954099999817,0,11.028150948,0.0049036758000013947,0.026315354900001253,0,10.028150948,,,-1,0.1,,,-1
NGC3081,10.0103527016,0.015251330699999954,0.029805525100000452,0,9.8144921339353512,0.03327217601464838,0.0068998143353500296,0,9.5702593266361138,0.010297089783886548,0.10759758599611402,0,0.36299999999999999,0.0,0.060400000000000009,0
NGC3227,10.3819491624,0.02495853389999958,0.010986256699998975,0,10.314067634429122,0.023900876270877447,0.010717861929121497,0,9.5424176935190381,0.097555226990962751,0.10326651351903848,0,0.1447,0.027200000000000002,0.028499999999999998,0
NGC3281,10.697730187100001,0.036903864699997513,0.011059038600000903,0,10.524711524011995,0.029962621588005334,0.020139339911995791,0,10.214397746199044,0.11293391120095642,0.017715308199043989,0,0.3286,0.06629999999999997,0.013400000000000023,0
NGC3393,10.291411614699999,0.01781557930000055,0.022147039400000068,0,10.165022811696467,0.021761948003533149,0.013979018596467441,0,9.69367299715468,0.071861435545319097,0.14027617146468074,0,0.2525,0.04049999999999998,0.065099999999999991,0
NGC3431,10.1691426346,0.016069671900000415,0.022337143399999704,0,10.106008093575623,0.020292151924376611,0.022201899775623701,0,9.3004404311976234,0.097341549842376196,0.18883054903762186,0,0.1353,0.030099999999999988,0.045999999999999999,0
NGC3516,10.048907574899999,0.018818546800000391,0.022683925199999067,0,9.6997976527563115,0.037544766913688576,0.014453104696309893,0,9.7911612448065934,0.014394700453406628,0.021937007546592113,0,0.5524,0.0,0.011499999999999955,0
NGC3718,9.0529010466199988,0.020415251100001086,0.017597008799999259,0,9.0376983037092913,0.018805222880708072,0.023256875479290784,0,8.0529010466199988,,,-1,0.1,,,-1
NGC3783,10.3587188246,0.065984502499999209,0.01477530759999901,0,9.9717144806323486,0.021594247857651183,0.037609398792350035,0,10.12942359281578,0.14175203688422044,0.016975204615778949,0,0.58979999999999999,0.10570000000000002,0.009199999999999986,0
NGC3786,9.9728366004399991,0.0280437875599997,0.026657887639998989,0,9.9418329270883117,0.036992712961687602,0.033061038728311232,0,9.0834263107392488,,,-1,0.129,,,-1
NGC4051,10.156141140399999,0.020763803500001288,0.0095072071999986463,0,10.126115870521714,0.0099247265782871352,0.020287790121713556,0,9.3553476195616572,,,-1,0.15820000000000001,,,-1
NGC4102,10.587002400700001,0.01658768769999952,0.013286781800001535,0,10.587002400700001,0.016289591399999637,0.013351381700001497,0,9.5870024007000012,,,-1,0.1,,,-1
NGC4138,9.150636779400001,0.019967887639998239,0.013599377270001156,0,9.1289086210106358,0.018871311159363913,0.017658207420636174,0,8.1896541013974122,,,-1,0.1094,,,-1
NGC4151,9.5979355186300008,0.090329970569998252,0.0074533811600012712,0,9.2441431308366866,0.012311301233314254,0.045638050986687162,0,9.3439466263819266,0.168593021698074,0.0078634931719250289,0,0.55720000000000003,0.10939999999999994,0.0,0
NGC4180,10.133376523200001,0.0064802032999988768,0.027873989000001487,0,10.133376523200001,0.0062910286999997567,0.027873989000001487,0,9.1333765232000008,,,-1,0.1,,,-1
NGC4235,9.2199467699500008,0.026714931860000846,0.016224229740000595,0,9.0587329148965949,0.014656241463406161,0.02873592607659603,0,8.7114485361873264,0.091024805882673476,0.051087664887326412,0,0.31009999999999999,0.04930000000000001,0.037999999999999978,0
NGC424,10.5258854414,0.012835754500001073,0.020493486899999525,0,9.7745941770009175,0.025727421199082556,0.022308752790918263,0,10.441126938706194,0.012766172193806824,0.019665289906194872,0,0.82269999999999999,0.0055000000000000604,0.0065999999999999392,0
NGC4388,10.0087133032,0.0068118298999984006,0.031255684120001348,0,9.9398150488326387,0.0092937047473622414,0.034762179442639152,0,9.1751434170432837,0.086057583966717033,0.16961085981328239,0,0.1467,0.035000000000000003,0.039899999999999991,0
NGC4507,10.626831122800001,0.012083830499999948,0.039290437600000061,0,10.361870827833721,0.040664043466279054,0.0097110843337215869,0,10.286462134407001,0.0086786845929989198,0.11475292590700192,0,0.45669999999999999,0.0,0.084199999999999997,0
NGC4619,10.649771576699999,0.015388017599999415,0.012524050499999717,0,10.636632846990043,0.018035149909957582,0.012570652590042641,0,9.6497715766999992,,,-1,0.1,,,-1
NGC4748,10.237177360599999,0.019270618600000233,0.018411516999998767,0,10.177195515607663,0.017899499092337123,0.020034955307663083,0,9.3477670708992484,0.10852733933075243,0.17313876278924667,0,0.129,0.0315,0.042099999999999999,0
NGC4939,10.310256216000001,0.017643933500000486,0.015321346000000347,0,10.254393289158099,0.014404977841902422,0.017219620758098131,0,9.3919634860973495,0.11515034358265019,0.11870066086734887,0,0.1207,0.026400000000000007,0.024300000000000002,0
NGC4941,9.0850390692899996,0.02016926565999988,0.022357832450000004,0,8.941586714146748,0.017074822183252181,0.019751167796748348,0,8.5342088014552004,0.079941514524799473,0.089168663215200894,0,0.28129999999999999,0.043200000000000016,0.038699999999999984,0
NGC4992,10.187982139800001,0.015509076499998997,0.04160834810000047,0,9.833011204521144,0.032534030748855969,0.015822044171144967,0,9.9349275494151055,0.01745971099489374,0.10009108873510542,0,0.55840000000000001,0.0031999999999999806,0.073099999999999998,0
NGC5033,10.359356939,0.021750913700000041,0.004148965099998847,0,10.359356939,0.016579854599999777,0.0096280170999989423,0,9.3593569389999995,,,-1,0.1,,,-1
NGC5106,11.142618820299999,0.013159354900000864,0.018602752499999653,0,11.142618820299999,0.013159354900000864,0.018602752499999653,0,10.142618820299999,,,-1,0.1,,,-1
NGC513,10.6922182301,0.023973652899998754,0.01099116269999989,0,10.6922182301,0.023625054600000084,0.011283253800000281,0,9.6922182300999999,,,-1,0.1,,,-1
NGC5231,10.307053788099999,0.015384311400001849,0.018202616499999991,0,10.280366408552901,0.01463774364709991,0.021786881452900531,0,9.3869582557667197,,,-1,0.1202,,,-1
NGC5252,10.2377323353,0.017431451399998465,0.039521952099999424,0,9.8507279913323487,0.044895918807650759,0.017218757912347726,0,10.00843710351578,0.019534556084220611,0.097871328505778621,0,0.58979999999999999,0.0080999999999999961,0.086099999999999954,0
NGC526A,10.1303827837,0.020740165499999463,0.022758615199998999,0,9.3162081433129629,0.020955685097037602,0.02397095881296174,0,10.058061047837992,0.022383919862008383,0.023573572637991091,0,0.84660000000000002,0.0059000000000000163,0.0040000000000000036,0
NGC5273,8.7171207644800006,0.020181539789998482,0.020057960540000863,0,8.6557405459826811,0.022290930947319154,0.028136157902679315,0,7.8370361747379915,0.1202576217120086,0.16307140890799054,0,0.1318,0.035584000000000005,0.040900000000000006,0
NGC5290,9.9201339182800012,0.019986996489999242,0.03040155998000138,0,9.9056951060533471,0.01978758820665405,0.039742733503347338,0,8.9201339182800012,,,-1,0.1,,,-1
NGC5506,10.161032479299999,0.0052089717000001201,0.049950809599998536,0,9.87670162170099,0.033735277589009627,0.022892586760990596,0,9.8426354780308678,0.0052657335691321805,0.13548460678086727,0,0.48039999999999999,0.0,0.08550000000000002,0
NGC5548,10.4148395703,0.043777437399999286,0.0160218395999987,0,10.149879275333721,0.0097212459662792128,0.04726658373372139,0,10.074470581907001,0.12576353069299984,0.012015941107000216,0,0.45669999999999999,0.10050000000000003,0.0,0
NGC5610,10.842579025699999,0.035622086100001837,0.0052650632999995395,0,10.842579025699999,0.035324290600001973,0.0059096172000003833,0,9.8425790256999992,,,-1,0.1,,,-1
NGC5674,10.816076408800001,0.021041420699999591,0.009178642300000206,0,10.803608611529841,0.023565763970159637,0.010640972629840206,0,9.8160764088000008,,,-1,0.1,,,-1
NGC5683,10.094079903400001,,,-1,9.7786109751199994,,,-1,9.682059892669999,,,1,0.49659500000000001,,,1
NGC5728,10.186806647400001,0.023353095399999191,0.011180045000001471,0,10.186806647400001,0.022647877099998937,0.01292493930000127,0,9.186806647400001,,,-1,0.1,,,-1
NGC5899,10.5239435712,0.012597785499998793,0.015845014800000001,0,10.51053617802221,0.012730040477789473,0.017080208222211013,0,9.5239435712000002,,,-1,0.1,,,-1
NGC5995,11.196979927699999,0.011460759600000259,0.030673529499999574,0,11.061075501124247,0.01550113337575354,0.031111540224246781,0,10.626247594133169,0.075919347966831197,0.095191595633169257,0,0.26869999999999999,0.04720000000000002,0.039800000000000002,0
NGC6221,10.581759933600001,0.016828590699999424,0.015711385500001285,0,10.5717433919014,0.017698599298599405,0.020545926101400269,0,9.5817599336000008,,,-1,0.1,,,-1
NGC6240,11.8353837708,0.031233686200000221,0.0085526921000003142,0,11.8353837708,0.031233686200000221,0.0086834981999999172,0,10.8353837708,,,-1,0.1,,,-1
NGC6300,10.079376567600001,0.0069625089999991729,0.029589719100000522,0,10.019145343053351,0.010164965046648433,0.028713058433350369,0,9.1916463360172713,0.09832661330272785,0.21019697381727021,0,0.1295,0.032799999999999996,0.045200000000000004,0
NGC6552,10.9740009221,0.029777819899999614,0.013192892499999331,0,10.888714209073624,0.0318409328263769,0.019366116173625159,0,10.225152265275355,0.096260586024644823,0.080424022975355669,0,0.17829999999999999,0.033500000000000002,0.027999999999999997,0
NGC6814,10.109286453200001,0.017119861699999461,0.010734222700001794,0,10.095341233969696,0.014775647630303368,0.015155246369696229,0,9.1092864532000011,,,-1,0.1,,,-1
NGC6860,10.401777258099999,0.027793839100000994,0.017604553699998249,0,10.194309020001306,0.013234498998693667,0.027292717401305566,0,9.9813322185009987,0.095404597499001653,0.06270846288099996,0,0.37980000000000003,0.067599999999999993,0.046000000000000041,0
NGC7172,10.3428195357,0.026874206800000522,0.0067208990000011681,0,10.3428195357,0.024128933400000108,0.011364580300000426,0,9.3428195357000003,,,-1,0.1,,,-1
NGC7213,9.4563626241999987,0.025602194380001109,0.013599727539999051,0,9.3244189860230406,0.014031199276958617,0.020214328223040923,0,8.8746639155197435,0.090248148840258224,0.067733102499744291,0,0.26200000000000001,0.044099999999999973,0.034799999999999998,0
NGC7465,9.8561766307500012,0.0083960919599999073,0.026501090110002679,0,9.8561766307500012,0.0077640415599997681,0.028213830910001292,0,8.8561766307500012,,,-1,0.1,,,-1
NGC7469,11.571060724200001,0.032532048599998475,0.0096517540000000679,0,11.558726989126274,0.035387123773725548,0.010428894126274457,0,10.571060724200001,,,-1,0.1,,,-1
NGC7479,10.6528420657,0.013314125600000892,0.021065889200000854,0,10.608000452625793,0.01389889097420749,0.020121061725793865,0,9.8257367634521753,,,-1,0.1489,,,-1
NGC7582,10.7735353107,0.0099077564000005225,0.03226057950000083,0,10.7735353107,0.0077694987000000992,0.034426159399998824,0,9.7735353106999998,,,-1,0.1,,,-1
NGC7603,10.9802042976,0.036990466099998898,0.016465394200000816,0,10.741455371908662,0.0073266677913377265,0.036286958808663172,0,10.606441982746901,0.10987497385309908,0.012015259746901208,0,0.4229,0.080800000000000038,0.0,0
NGC7679,11.043324983699998,0.03170288220000117,0.008699223699997205,0,11.043324983699998,0.031256717700003378,0.011753091999997523,0,10.043324983699998,,,-1,0.1,,,-1
NGC788,9.9661769274900003,0.017461107049999924,0.012192644429999788,0,9.4891425229819877,0.02134205320801108,0.026170651941987089,0,9.7900422368145108,0.020250342635490526,0.010448664624510329,0,0.66659999999999997,0.011099999999999999,0.012499999999999956,0
NGC931,10.8033041806,0.014423722100000091,0.033637742599999854,0,10.533844217077119,0.029444960322880576,0.011563461677120301,0,10.468228074038082,0.011644797661917394,0.099377567138080991,0,0.46229999999999999,0.0034000000000000141,0.065599999999999992,0
NGC985,11.2485275669,0.036648696799998604,0.015946092999998385,0,11.026751193666097,0.016464615033902064,0.03100469356609814,0,10.850478971033521,0.10914986716647768,0.015524771233520696,0,0.39989999999999998,0.070599999999999996,0.01319999999999999,0
PG2304+042,9.8681558803799998,,,-1,-inf,,,-1,9.6851164869899993,,,1,1.0,,,1
PICTORA,10.4496354191,0.011459731300000442,0.062590187299999656,0,10.000230626589328,0.028475083910670662,0.012581283509327079,0,10.258993089311106,0.011459731288892883,0.12252075831110609,0,0.64470000000000005,0.0,0.083100000000000063,0
PKS2331-240,10.5485239932,0.035433727700000972,0.011803742299999698,0,10.34586079397535,0.012191265924650807,0.023205763675349544,0,10.120116376561308,0.095059201938692439,0.016053863761307241,0,0.37290000000000001,0.054800000000000015,0.0,0
SBS0915+556,10.4887848967,,,-1,9.997147030639999,,,-1,10.1903283783,,,1,0.67479999999999996,,,1
SBS1301+540,9.6172923052799995,0.040691398679999935,0.026923120759999364,0,9.2591628507563115,0.023184866283688876,0.057772036476311683,0,9.3667194044017492,0.090813242728250643,0.032083143401749226,0,0.56159999999999999,0.083100000000000063,0.0,0
SDSSJ104326.47+110524.2,10.097473492999999,,,-1,9.8493153158500011,,,-1,9.5985823561700006,,,1,0.38799999999999996,,,1
SWIFTJ212745.6+565636,10.0470277767,,,-1,-inf,,,-1,9.9611199795199994,,,1,1.0,,,1
UGC01479,10.363441250900001,0.017202085799999267,0.015894998600000321,0,10.363441250900001,0.017202085799999267,0.015894998600000321,0,9.3634412509000011,,,-1,0.1,,,-1
UGC03142,10.5363436866,0.016578573000000318,0.017706044900000606,0,10.473460197367054,0.017208524832946992,0.02348034456705328,0,9.6660335787993006,0.10672207158070002,0.10034475882930138,0,0.1348,0.031799999999999995,0.027999999999999997,0
UGC03478,10.223655813600001,0.014314681100000115,0.020557513900000046,0,10.148864735012005,0.020757729387995028,0.011821461512004916,0,9.4228622927616588,0.074473826038341073,0.18575677478165886,0,0.15820000000000001,0.026200000000000001,0.052300000000000013,0
UGC03601,9.8312189126000007,0.025708223979998834,0.015100925230001394,0,9.7177660359911062,0.023518535548893382,0.020856554051107423,0,9.1927578838692803,0.088373925070719395,0.085601139869281084,0,0.22989999999999999,0.038300000000000001,0.04049999999999998,0
UGC03995A,10.3101480489,0.047831083100000171,0.05788233240000018,0,10.147673358349602,0.075813742550398189,0.10745236764960175,0,9.8044418175653334,0.085145886874665067,0.079575103175335116,0,0.31209999999999999,0.088600000000000012,0.062199999999999978,0
UGC05881,10.562877799500001,0.030448999399999011,0.0091536963000002913,0,10.558644578549975,0.02976872475002601,0.01429792104997496,0,9.5628777995000007,,,-1,0.1,,,-1
UGC06728,10.812578505799999,,,-1,10.246301366900001,,,-1,10.543527509,,,1,0.68000000000000005,,,1
UGC07064,10.7870991798,0.022674392500000806,0.013213840399998844,0,10.727117334807664,0.025110511192334428,0.012393086207664439,0,9.8976888900992499,0.095422810620750198,0.17699266092925114,0,0.129,0.024799999999999989,0.042099999999999999,0
UGC08327NED02,11.0482419174,0.026634053900000509,0.017336606700000701,0,10.909238354157196,0.02632882984280549,0.028518598257196714,0,10.485833949653962,0.10170340084603779,0.071548794953962158,0,0.27389999999999998,0.060800000000000021,0.039899999999999991,0
UGC10593,10.4397039747,0.019019250499999529,0.022447758900000281,0,10.348510574105674,0.01443798779432548,0.034029613305673223,0,9.7170839493672556,0.10866977415274448,0.081828747787255907,0,0.18940000000000001,0.047299999999999981,0.028900000000000009,0
UGC11185NED02,10.6062017651,0.029167851100000419,0.018634675799999556,0,10.558509774762125,0.033040287537874136,0.019774034462125556,0,9.6232351043987805,0.13006588946121944,0.19070214002878139,0,0.10400000000000001,0.035299999999999998,0.038700000000000012,0
UGC12237,10.459041407300001,0.013988618099999073,0.025078905600000923,0,10.441493558684991,0.018845779115007844,0.025824999384990832,0,9.4590414073000009,,,-1,0.1,,,-1
UGC12282,10.4092660134,0.013745477199998746,0.016228126699999734,0,10.378122388014692,0.017185005785307794,0.016947757114690987,0,9.4684506310313719,,,-1,0.11459999999999999,,,-1
UGC12741,9.9101742572500005,0.019119314259999243,0.017341208599999547,0,9.9101742572500005,0.014744117479999375,0.024174022260000427,0,8.9101742572500005,,,-1,0.1,,,-1
UM614,10.0195566539,,,-1,9.2523636931100004,,,-1,9.7939794415999994,,,1,0.81610000000000005,,,1
VIIZw073,11.258537586400001,0.0095741543999974255,0.033922880300002234,0,11.212345584065309,0.012033928034691499,0.039309635665309983,0,10.262428752636911,0.091423442263089072,0.17611827743691144,0,0.1009,0.025500000000000009,0.032100000000000004,0
WKK1263,10.4429881516,0.03144702470000027,0.015955272300001155,0,10.260487413467757,0.0086017845322423625,0.04732233956775822,0,9.9784088696561728,0.1115805716438274,0.011414966056172204,0,0.34310000000000002,0.082999999999999963,0.0,0
WKK4374,9.9229833924899999,,,-1,9.6004087545000001,,,-1,9.5205649032200004,,,1,0.48309999999999997,,,1
WKK4438,10.2052982654,0.033986522299999322,0.016215837099998964,0,10.009437697735351,0.018298223964649196,0.042338205745352298,0,9.7652048904361131,0.099644278123887986,0.023268886226112784,0,0.36299999999999999,0.059900000000000009,0.010199999999999987,0
WKK6092,9.7236607276800004,,,-1,9.3211638863800008,,,-1,9.3003386359199993,,,1,0.50170000000000003,,,1
WKK6471,10.165942271400001,0.029761124600000244,0.023178792400001313,0,9.9632790721753501,0.024418235964649426,0.055781964225349867,0,9.7375346547613084,0.090887684528690116,0.044002100841309399,0,0.37290000000000001,0.054800000000000015,0.048399999999999999,0
