Name,mdust,mdust_err_high,mdust_err_low,mdust_flag,tdust,tdust_err_high,tdust_err_low,tdust_flag,beta,beta_err_high,beta_err_low,beta_flag,alpha,alpha_err_high,alpha_err_low,alpha_flag,wturn,wturn_err_high,wturn_err_low,wturn_flag,lir_total,lir_total_err_high,lir_total_err_low,lir_total_flag,lir_sf,lir_sf_err_high,lir_sf_err_low,lir_sf_flag,lir_agn,lir_agn_err_high,lir_agn_err_low,lir_agn_flag,agn_frac,agn_frac_err_high,agn_frac_err_low,agn_frac_flag
2MASXJ01073963-1139117,7.5882325669199995,0.10748137807000013,0.074932443189998921,0,28.620148601900002,3.1981537413000005,3.6114754232999999,0,1.6384741872699999,0.34518191199000015,0.28897865974999992,0,2.1245600255200001,0.60993049546,0.50420369501000017,0,36.894342762299999,14.7857191461,10.249256154000001,0,10.865106255000001,0.031298497599999919,0.036845361700001078,0,10.650471642299999,0.050203229300000984,0.10568968579999982,0,10.4542970116,0.15944744629999974,0.17115282959999867,0,0.38747173868900003,0.151859681942,0.10596485963200003,0
2MASXJ03534246+3714077,6.9119146363199997,0.062648816219999404,0.055088497769999911,0,29.827000443999999,2.5775860302999973,2.5658107281999989,0,1.58930595266,0.27643648769000007,0.25718232819999987,0,1.7866642066799998,0.65759987596000036,0.44660480615999987,0,40.789180757600001,25.6737924611,15.559635412400002,0,10.107820051200001,0.02256910479999874,0.023496411500000036,0,10.0627955635,0.029835267699999335,0.06581162252999917,0,9.8497455569000003,,,-1,0.49836833852799994,,,-1
2MASXJ07595347+2323241,8.1888300927499991,0.037783685720000904,0.037794902010000797,0,24.125673743899998,1.1439783974999997,0.98991184650000008,0,2.0344932942400002,0.17477831941999966,0.17259288989000021,0,1.2162927158499999,0.47937469012000022,0.41360036259099986,0,44.832063329300006,18.302262907299991,14.347438302500006,0,11.008473390299999,0.015651364700001835,0.016901475899999241,0,11.0271142023,0.016140411399998555,0.018485793800000039,0,10.008473390299999,,,-1,0.1,,,-1
2MASXJ10402231-4625264,7.2985608292499995,0.11745419285000125,0.069884254939998058,0,26.966052662800003,2.5596185670999958,3.2663464941000022,0,1.9871996610499998,0.27292371578000041,0.25541359940999975,0,1.75328619188,0.47654075926000017,0.36470088850999982,0,45.900620869099996,24.067808743000001,14.117470692799994,0,10.565913479199999,0.026793449600001296,0.028580888599998744,0,10.409173341799999,0.045157158100000316,0.11112299849999907,0,10.062704116300001,0.18918973849999965,0.22794886663000113,0,0.30823489898599998,0.16050108348800002,0.111888787622,0
2MASXJ12005792+0648226,7.6283319894899986,0.081311264420001805,0.056393187379997656,0,25.135758003899998,1.8558060285000018,2.2215723088999972,0,1.90278714273,0.26298838893999998,0.22035653474000005,0,1.5992314025900001,0.52900825892999981,0.42933785788000001,0,44.579883353,21.161870639599996,15.117801285199999,0,10.628947998300001,0.02710368199999813,0.024729040700000482,0,10.5072020104,0.03427803139999952,0.060114933800001324,0,10.015868319299999,0.20232696500000102,0.20124058079999863,0,0.24324556766800001,0.12740440907499997,0.082881940800000026,0
2MASXJ12313717-4758019,7.5472714718800011,0.09057386457999872,0.053464539000001032,0,27.0259798596,1.9200646797999994,2.7331229492999967,0,1.9925026903299998,0.24509511622999991,0.19600474183999972,0,1.9764105982099998,0.58331855016000045,0.44000910408999983,0,41.083603054000001,26.758741615200002,13.312630686199999,0,10.7598409629,0.028809063199998874,0.026048554100000842,0,10.661033274500001,0.036107255599999277,0.082680294200001114,0,10.0833997511,0.26456400750000064,0.31775163833999898,0,0.205307377461,0.16290963331299999,0.101898831866,0
2MASXJ15115979-2119015,7.7806734375899991,0.15442377997000101,0.092993426089999609,0,30.352234252500001,4.0997534721999962,5.3002480838999979,0,1.7644876166799999,0.36899573583,0.26115846275999965,0,1.8952406928200001,0.5616918177600001,0.35041739921999993,0,46.749180518100005,20.656609541399988,15.912031421500007,0,11.311080413499999,0.027824849099999938,0.033492338100000296,0,11.0677926796,0.083960422300000559,0.16143628170000035,0,10.9334309907,0.18945386310000067,0.19481983829999905,0,0.42277994515400003,0.19873201084200004,0.14161901201100002,0
2MASXJ19373299-0613046,7.2154980063399998,0.12649376219000086,0.066424452539999734,0,23.197620908699999,1.939035570599998,2.8009802720999986,0,2.4861726375799997,0.32181001847000035,0.26729915745999966,0,1.8625778944799998,0.57066114179000005,0.40113034737999964,0,42.114113354000004,19.132716243099999,13.991525934100007,0,10.3596762727,0.028426826100000469,0.034479107399999265,0,10.1711640268,0.042866217300000287,0.10001752239999995,0,9.9106129032899997,0.1691930606100005,0.19963393795999984,0,0.35366480022299995,0.15122659042100006,0.11388740209999995,0
6dFJ0626586-370559,7.4545594470300003,0.086672353730000928,0.059429434040001006,0,26.365280336199998,2.4136069712000001,2.5714506473999954,0,1.4377319691699999,0.29966458608000024,0.27191515133999999,0,1.32577145841,0.60747728614999974,0.41460057403499995,0,41.798863644599997,18.9333964096,14.679728467699995,0,10.402340754800001,0.029279377599999989,0.033376536100000465,0,10.2169200436,0.029713416399999915,0.057668946299999746,0,9.9476516195899993,0.13572135791000051,0.14190152765999819,0,0.35090760323100001,0.103530974622,0.081790166489999983,0
CGCG341-006,7.5122432113399995,0.13804198302999993,0.088714931900000238,0,32.535989255700002,4.950395491299993,5.2774349897999997,0,1.6207674884000001,0.34359124117000017,0.3147051488799999,0,2.2108044425900002,0.54999505047999975,0.39833664639999999,0,42.8257996392,21.412676750199992,13.0629870444,0,11.0779837708,0.027917090299999003,0.028128559600000713,0,10.9049028372,0.077921937000001051,0.17958144420000011,0,10.6006689123,0.24102252560000004,0.29298676750000041,0,0.32981715869600003,0.23595830205799995,0.15205640041400001,0
CenA,7.2552562936199996,0.037620297700000194,0.040139016800000427,0,25.109452232199999,1.1141155347000016,1.0209592308999973,0,1.9042579827299999,0.15154814676000017,0.15293703152000004,0,0.74409862782100011,0.66238008074899979,0.54533141070200009,0,46.0100595336,19.709180930399995,17.105336550499999,0,10.1139829704,0.019536812000000126,0.017870378999999659,0,10.1284878009,0.016355047399999378,0.016571302499999163,0,9.1139829704000004,,,-1,0.1,,,-1
ESO005-G004,7.5471673773200001,0.040254502869998987,0.038734700330000926,0,22.7968805396,0.94457105289999888,0.92451838599999903,0,1.7652782142700001,0.1567090043599999,0.15572440868000026,0,1.0226669987899999,0.47599638774999997,0.41523257737999986,0,46.901126983000005,17.806866875000004,15.629724439800004,0,10.097249276099999,0.01518045769999965,0.016373671599998474,0,10.1071371531,0.016924358599998968,0.019268370300000726,0,9.0972492760999994,,,-1,0.1,,,-1
ESO139-G012,8.1291973201300003,0.2218788940300005,0.10974250525000073,0,17.089346080199999,1.6772536715000008,2.6232977991999995,0,2.2491549808700002,0.56452063305999989,0.32993481217000009,0,1.32197258832,0.35908312287999999,0.36581391946599995,0,55.0594567837,18.392486238499998,15.373499682999999,0,10.193770300800001,0.017806475199998673,0.019086679800000894,0,10.134363522499999,0.035228375700000925,0.051329109999999289,0,9.32798993834,0.24053878746000024,0.3822994720199997,0,0.129448826819,0.10419418526399998,0.079738345842099989,0
ESO195-IG021NED03,7.8942698500399997,0.12592872524000054,0.075963141009999902,0,25.556713709499999,2.6028793628000031,3.3687571693000002,0,1.6281899740600001,0.36435291891999966,0.29132620979000001,0,1.6894958368399999,0.3912048478900001,0.37731115810999993,0,50.049487657600004,18.369620440500007,17.074733373600004,0,10.790783781099998,0.024376135300002488,0.024262212099996461,0,10.665285107200001,0.050463377399999843,0.089369107400001369,0,10.1946702569,0.22377090270000011,0.29582099940000006,0,0.25108123898899998,0.15644838362300006,0.11932449657799998,0
ESO197-G027,8.1825617356800002,0.10295389623000162,0.064505757950000131,0,24.229974324800001,2.0536640237999997,2.4889156355000033,0,1.8764398802200002,0.27181711337999981,0.26415304388000016,0,2.03753082334,0.52015593643999969,0.39202387185000021,0,44.286589398500006,23.194700613499997,13.689458385500004,0,11.0173417099,0.02099653640000021,0.022805888499998872,0,10.949206733699999,0.037086176200000764,0.071877744899998319,0,10.2123213339,0.30232623019999849,0.42892388403999959,0,0.147661510833,0.147259699247,0.1061818009466,0
ESO244-IG030,7.6753980361499998,0.049443147939999044,0.042912224719999337,0,26.137189769499997,1.4719591703000034,1.4172183743999938,0,1.8637324877799999,0.19264426659000011,0.19015876124999997,0,1.5871381684299999,0.50080696501000044,0.43831347671999987,0,47.568889846499999,19.224741034299996,16.878973222799999,0,10.6224481837,0.018867336200001361,0.017744440099999537,0,10.6341043166,0.01998968949999913,0.029473228800000584,0,9.9737439103799996,,,-1,0.14726981624300001,,,-1
ESO297-018,7.8805895790499996,0.072847364700000306,0.050896676649999861,0,25.090860660800001,1.6029701397000018,1.9673321423000019,0,1.26428981105,0.23956209177999988,0.1964070604899999,0,1.1151889961100001,0.42627073686000005,0.4169518027750001,0,50.363293988900004,18.163926984899994,17.244386043300004,0,10.508613837999999,0.01856232980000172,0.01783125419999898,0,10.440798753400001,0.022841442699998993,0.038411068400000303,0,9.6695279209000002,0.21845337665999942,0.28176667185000071,0,0.14456818315700001,0.085327476245999984,0.066665451244700011,0
ESO323-077,7.6088662433600005,0.073159197939999032,0.057231802110000451,0,27.652401927,1.9736491791000006,2.2245434736999989,0,1.9632265892200003,0.2045958129899994,0.18242300589000027,0,1.60332639474,0.45982732508999979,0.41742771505000009,0,47.935577594499996,20.693522148900009,16.643954601599997,0,10.8848126264,0.024574527800000467,0.024401596100000589,0,10.768365693900002,0.036191005999999248,0.066157253300001884,0,10.243660892399999,0.22053677909999969,0.22083721159999925,0,0.22846455952799999,0.13613251794300002,0.084958063997999989,0
ESO362-18,6.9583555073899994,0.10945436991000079,0.063272086239999581,0,25.036470663899998,2.0305189359000018,2.8744563101999994,0,2.1347688365099997,0.29278210348000044,0.23798156397999981,0,1.9648893674799999,0.67544064324999975,0.50697818802999994,0,38.533119833600004,17.122820287000003,12.929794132400005,0,10.166619066499999,0.030990844200001533,0.041342561399998701,0,9.9361492619300016,0.045031641929998756,0.09098702679000148,0,9.7904123879499991,0.13912415631999941,0.18888274510999992,0,0.417167013556,0.12553119923100003,0.12244122427000004,0
ESO383-18,6.3161949161899997,0.10095703709000059,0.075395703499999023,0,34.726645182600002,4.5329657810000015,4.6256502611000023,0,1.1594997601600001,0.31169387676999971,0.27564707305300007,0,1.2502695471,0.69679155974000007,0.50152106035800004,0,36.248414995399997,15.3088708696,12.177293989799999,0,10.0633835811,0.034293668200000127,0.042291018000000236,0,9.5658134203799996,0.047555283630000389,0.087550826430000228,0,9.8944633646,0.077998124020000503,0.071386569310000425,0,0.68187896631300005,0.073049738509999962,0.056956275150000013,0
ESO399-20,7.6902465872399999,0.097024777320000588,0.058453939000001398,0,23.752102900600001,1.7001660109999968,2.2166328282000016,0,1.7277615973500002,0.27189497680999963,0.22092719536000027,0,1.1894730973899998,0.48075857911000019,0.39240783502899979,0,50.965486358900002,17.858638628399994,18.916900398900005,0,10.4487017535,0.027612116800000308,0.024380363500000612,0,10.3327691816,0.032686437400000656,0.056384657899998913,0,9.8247150850100002,0.19104476489,0.24184156855000083,0,0.23693724106999997,0.11770304428600004,0.095739861625999984,0
ESO439-G009,8.1406791271400003,0.20937644852000048,0.21952671282000136,0,17.193589405600001,3.9599091231999992,2.6452084897000017,0,2.2336909585900004,0.61031185494999995,0.61219030760000037,0,1.8512886548700003,0.41803548850999972,0.32476327398000038,0,53.759761483699997,11.022236663199998,9.5466670701999945,0,10.5046113346,0.026836190300000951,0.030096223599999306,0,10.168597914299999,0.072482306900001348,0.053229696299998963,0,10.232755491300001,0.065999179999998603,0.096597874800000483,0,0.541030009812,0.055034812197000016,0.097765701696999996,0
ESO509-G038,7.2624049062800005,0.12935008764999978,0.081511498010000238,0,25.941384516999999,2.7991188188000002,3.4662306112999985,0,1.65695207833,0.32876343076000003,0.28600756439000019,0,1.8473974956400001,0.46001416175000021,0.42695188633000014,0,42.758229976899997,13.232346427800003,11.411987821499999,0,10.334433384,0.033266238299999529,0.033930394200000435,0,10.0973656272,0.052601150399999241,0.10932880648000065,0,9.9667690566999987,0.14169692500000153,0.16334940477999993,0,0.42553788147499999,0.13824937596100001,0.11137751944499996,0
ESO549-G049,7.9639364546500007,0.060335217219997794,0.044833953670000426,0,24.706070731399997,1.5023640762000063,1.6936012832999978,0,2.3506738524199999,0.20307135688000022,0.20843345846000005,0,1.8415150870599997,0.48394190539000026,0.44598329810999959,0,46.082619674999997,24.121971492200011,16.011569855099999,0,11.042386197000001,0.020343785399999703,0.01919300820000025,0,11.031547247799999,0.02421218620000154,0.057320059600000306,0,10.7051759122,,,-1,0.34047561202499999,,,-1
ESO565-G019,7.2315545722399994,0.1191006296700019,0.05948672951999967,0,27.623785083000001,2.133595967399998,3.5032075897999988,0,2.0472146602000003,0.22338645622999964,0.18399111546000024,0,2.1241264710399999,0.39760022525000016,0.42844558164999968,0,55.266615638000005,26.609587112499995,21.676316838800005,0,10.5219883632,0.026654217899999111,0.02632682459999991,0,10.426709241399999,0.065795312600000599,0.17766813259999914,0,9.8443156063200004,0.39962312477999973,0.54233143141000006,0,0.187888368986,0.30102348350399999,0.15491017982249999,0
Fairall49,7.2072761695800009,0.082664688909998674,0.054422550080000853,0,32.387013428899998,2.7475207057000048,3.3003376035999956,0,1.7824916576199998,0.20643583956000011,0.19327006744999964,0,1.7935865291999999,0.67485150620999979,0.57398635410999987,0,34.631556286599995,15.818923175400002,10.825900649299996,0,10.9462730522,0.034358099200000325,0.035150432300000034,0,10.668558197699999,0.040240410399999149,0.082377571799998606,0,10.624241093,0.11327190919999985,0.11698364579999954,0,0.47168572974699996,0.11136937131800007,0.080403263997999963,0
IC1657,7.3404240557800007,0.074140939919999482,0.050714252269999704,0,34.838196191199998,2.6256796530000059,3.2353436904999953,0,0.59386147102700004,0.23075440937799996,0.17114260852500002,0,1.3610664350400001,0.66759662315000012,0.48915516836600015,0,51.943316455600005,16.895240581499998,17.019380225700004,0,10.265517813400001,0.016203988299999139,0.017448130500001824,0,10.274278412300001,0.02338894119999857,0.040409580900000464,0,10.0533922677,,,-1,0.49952504615500004,,,-1
IC1816,7.38719568485,0.091118616160001054,0.051384904649999896,0,23.967715563800002,1.717524679699995,2.4645281171000022,0,2.3138804013900001,0.32975587185999977,0.26013216333000022,0,2.1170908201800001,0.70703857166000006,0.47888006095999991,0,37.802686228500001,17.500924312199999,12.705455922900001,0,10.4562299863,0.028041706799999844,0.033886313500000043,0,10.3490890495,0.026042186200001538,0.058504250600000418,0,9.7954676479600007,0.22059689603999821,0.28330214364000206,0,0.21581715828899997,0.13523571536600007,0.094701875152999979,0
IC2461,6.7992686210099995,0.038665543000000469,0.040798198590000112,0,26.284735565999998,1.1512561038000015,1.1581138381000002,0,1.2542413779600001,0.14475695469999983,0.14050226336000016,0,1.14551938184,0.51811343880999994,0.43436934641200009,0,47.065941574600004,18.451195722899996,18.418723362000001,0,9.4338874132899999,0.014030064629999117,0.015419969350000784,0,9.4624949328299994,0.014570288670000764,0.01923558271999859,0,8.4338874132899999,,,-1,0.1,,,-1
IC2637,7.9737925547800002,0.038948809439999899,0.039211654169998944,0,24.266063003299998,1.2324936580000028,1.2302718466999991,0,2.38968166589,0.21997258842000011,0.19988606672999998,0,1.2563223391399998,0.50621520794000019,0.38509211776299979,0,45.173985620100005,19.644835021599995,16.397206273400005,0,10.987632381099999,0.015761649199999894,0.018566519499998435,0,11.0123968515,0.018281309900000764,0.020667832299999134,0,9.9876323810999992,,,-1,0.1,,,-1
IC5063,7.5216320485100008,0.24407203352000018,0.25575874476000049,0,21.953817853899999,7.0177023514000041,4.5854792191999998,0,1.7696285566000001,0.67844733206999996,0.5672573781600001,0,2.2469541411500003,0.52220587187999934,0.53327081507000051,0,42.179050661300003,9.4507072528999956,6.5781333639000081,0,10.750537967,0.050617600300000731,0.048643154799998811,0,9.9898765118699995,0.14675425663000041,0.10475138808999951,0,10.6639039066,0.062837217000000223,0.075088559399999255,0,0.82632730195800008,0.041787766074999899,0.075040878358000107,0
IIZw083,7.5774709738600006,0.20352070677999823,0.1362922460900009,0,24.728386648099999,4.1334349880000012,4.7781610428000008,0,2.05173840928,0.52289569382999979,0.35482763631999981,0,1.73158003615,0.58061623214000013,0.49424797905000006,0,41.745434074000002,12.083884481799998,10.818236344800003,0,11.0223069381,0.042116773600000101,0.040581559800001443,0,10.4831635872,0.099587215999999756,0.14056718610000019,0,10.881156018199999,0.072264374000001297,0.095637655099999108,0,0.71689565503499997,0.081699681914000122,0.091916977843000014,0
LCRSB232242.2-384320,7.7236278262999996,0.042861481670000146,0.039247166,0,24.757497212699999,1.4076308976000043,1.3927341663999968,0,2.0382122438099999,0.23052364277000015,0.21446200073999977,0,1.4181763008399999,0.49310346555999995,0.40516588403999987,0,44.693668007299998,21.644559211600004,14.893530192899998,0,10.631423308099999,0.016307041600001071,0.020599847299997975,0,10.634970082500001,0.018733057300000411,0.027476089500000356,0,9.9550734050800003,,,-1,0.11765497525800001,,,-1
M106,7.3010672788999997,0.0254640683300007,0.019494632460000716,0,22.124046303299998,0.75582135930000405,0.75042355349999923,0,1.9314659894899999,0.18275560490000009,0.17318037958999977,0,0.68352928781800004,0.660613408432,0.52445813818300002,0,45.888546312899997,18.1423331855,17.154024067999998,0,9.8497703892399997,0.015545862110000641,0.015112968079998623,0,9.8655619658999996,0.0081916591700004204,0.0091616086599994873,0,8.8497703892399997,,,-1,0.1,,,-1
MCG+02-57-002,7.0881199338600007,0.17418452570000031,0.11492259639000135,0,36.783972738099997,7.0307808096000102,7.4445863965000001,0,0.66269695386799998,0.32432782184000009,0.28650714063099997,0,1.9705600490499999,0.57313530853999994,0.38805856317999976,0,46.447219753599995,21.834819228400008,14.365279637199997,0,10.3992698596,0.028363859800000668,0.023765415500001552,0,10.1994681716,0.084314387800001001,0.20330253339999871,0,9.9841292006699991,0.21832151673000055,0.27281269436999978,0,0.37758752115500005,0.23377248704699993,0.16606106761700007,0
MCG+04-22-042,7.7256606800299998,0.30046461155999893,0.22805638716000054,0,22.229106699499997,5.9301802003999988,5.1023706668999971,0,1.0420002967299999,0.72870581877999996,0.52106329899699999,0,1.2751930653100001,0.53656001024999989,0.47125385309600021,0,40.5352482718,10.252715690099997,10.2047751341,0,10.5121123691,0.039873931799998985,0.04007119010000082,0,9.9170317161100012,0.074773884599999008,0.068100361920002683,0,10.384753501300001,0.058344100399999377,0.068939974900001033,0,0.74981261000300004,0.039049643514999954,0.067994708898999945,0
MCG+04-48-002,7.6674482894800011,0.038860442179998955,0.03720735119000107,0,28.3443525327,1.7106013876000006,1.5619851756000003,0,1.9321646017900003,0.2130272462399998,0.20733493756000043,0,1.31069132201,0.54742362230999997,0.42043941432099996,0,46.063568863500002,19.8249971551,16.449993641100004,0,10.844738384600001,0.016252169599999533,0.019887583299999179,0,10.8699230825,0.018470651099999458,0.022672872799999411,0,9.8447383846000012,,,-1,0.1,,,-1
MCG+05-03-013,8.1360929620800011,0.12018894269999869,0.067001440200000317,0,23.198572801599997,2.082782134900004,2.7021415478999984,0,1.83439103877,0.3620482841499999,0.29780238060999986,0,2.0117366025300001,0.41746387254999995,0.40256719756000003,0,49.875220106599997,18.680739029099996,15.809507570000001,0,10.8051069149,0.021159266199999749,0.01927775239999896,0,10.770941837300001,0.042572559599999948,0.073823159799999871,0,10.4180616647,,,-1,0.38330274634000006,,,-1
MCG+06-16-028,7.0929305028699998,0.076279016990000947,0.057576821389999644,0,27.944728322500001,2.1258621813000005,2.4907164033000022,0,2.0881749443399999,0.24458657963999997,0.21486414998999992,0,1.5467789451700003,0.43991268435999964,0.38947731183000034,0,42.891357920799997,22.580944656800007,13.362780615399998,0,10.5183715102,0.026187853499999747,0.02764369089999974,0,10.3524407306,0.034187314400000446,0.083920610399999873,0,10.018193918,0.16661185430000103,0.15024963733999819,0,0.316011440975,0.12880482676099997,0.08110709378,0
MCG+06-24-008,7.6255773595200003,0.038780013999999419,0.038213323679999966,0,22.5769171548,1.0713840461000004,1.0425115228000017,0,2.37034014882,0.20748792362000001,0.19161912663000003,0,1.09013648087,0.53647769978000004,0.42650324977200005,0,45.776599433400001,19.6808717093,15.554515125300004,0,10.410618041000001,0.019143988699999781,0.016827994800001633,0,10.452705229600001,0.019876632499999047,0.020876625200001442,0,9.4106180410000011,,,-1,0.1,,,-1
MCG+08-11-011,8.20999237869,0.20782878428999929,0.25328985927000058,0,19.404798029000002,5.4867812649999976,3.1162087119000006,0,1.9183099209500001,0.54966060181999987,0.59040753980000016,0,1.7824991500999998,0.40430713270999985,0.35491443106999987,0,48.553507385000003,9.8093231137999979,7.1900260020000033,0,11.0664788772,0.037119714400001058,0.03839984749999914,0,10.4322591214,0.10261802519999996,0.063063666699999743,0,10.9489703733,0.055272050099999248,0.062276908599999459,0,0.76931754015999998,0.036507062726000017,0.068449538337999938,0
MCG+12-10-067,8.1045592744600015,0.15510535667999825,0.08969188740000078,0,24.0851244286,2.6223975677999967,3.7129229797999983,0,1.5763672699000002,0.41454011301999971,0.30523004973000023,0,1.7488792960699999,0.43453749123999974,0.35977112722999993,0,50.253962428100003,16.337645824699997,14.545432046600006,0,10.8401592134,0.02549869969999996,0.025049805200000108,0,10.6992885078,0.047928460799997907,0.076319682700001223,0,10.2988029199,0.16926407600000104,0.24796021330000073,0,0.28474400582199999,0.125396843433,0.11583034396399999,0
MCG-01-05-047,8.0382678183399996,0.050083221990000482,0.044542459779998822,0,25.467885219899998,1.2130430506000032,1.3530404792999988,0,1.2808428866399999,0.15726969324999995,0.14391565318999988,0,1.2610125135500001,0.52387501192000019,0.42965559803900011,0,48.274197689099999,19.341231541199996,17.838005715600001,0,10.6370094807,0.016491589100001036,0.01815642629999914,0,10.6408513951,0.016568588500000203,0.025716230800000517,0,9.9253142966599999,,,-1,0.13316261311200001,,,-1
MCG-01-24-012,7.6351438580800011,0.21310311633000012,0.22191530933000081,0,20.448823409100001,5.1564423266000006,3.6325546123000017,0,1.7600666144699999,0.5649097221099999,0.50263461555999989,0,2.2912325080099998,0.55497546011000054,0.50916017521999968,0,41.363102818200005,10.33210451539999,7.7817438905000031,0,10.345373628600001,0.0408424973999999,0.050504749099999913,0,9.9207671755600018,0.11209581513999822,0.10885813990000059,0,10.137978222200001,0.083750474099998584,0.11805312040000082,0,0.626648057428,0.084971688279000035,0.12488613103699997,0
MCG-01-33-063,7.8274147057500008,0.052399024289998763,0.04861373936000124,0,22.639952628699998,1.3258397392000028,1.2276529893999957,0,1.4509113685799997,0.22394235833000042,0.20711430380999962,0,0.99053977231599999,0.44881967047399984,0.39478276952899993,0,49.177552714899996,18.724622822400001,15.337162477299991,0,10.213854271599999,0.018162624600000399,0.019709112399999285,0,10.2343036623,0.021144089599999916,0.023205758899999651,0,9.2138542715999989,,,-1,0.1,,,-1
MCG-01-40-001,7.8857533660200003,0.25293608067999873,0.21515488943000083,0,23.263582802199998,6.0061249738000022,5.1074426556999981,0,1.6575801321899999,0.59419494082000024,0.4563010784599999,0,2.6927002579199999,0.4611528352500005,0.30659766201000016,0,52.475373707399996,12.549612595100001,10.452130973899997,0,10.7166646464,0.026078088800000288,0.023412173500000577,0,10.444222380999999,0.12953145270000022,0.11461849940000057,0,10.3995062712,0.11681507419999981,0.28250323720000026,0,0.47559536228100002,0.125822349078,0.21551005014700003,0
MCG-03-34-064,7.072722498010001,0.075146055969999459,0.049498841580001063,0,32.872709275300004,2.2715438613999979,3.1158038151000049,0,1.9675574543300001,0.20425125052000004,0.16671370172000022,0,2.4452846894400002,0.76088242167999987,0.61850184369000027,0,30.017381572399998,9.4644902998999996,8.0974791991000004,0,10.9742496582,0.043629459900000001,0.046576804700000807,0,10.6769383279,0.039495650399999249,0.078542905400000862,0,10.6775095134,0.12455648050000079,0.14366810229999949,0,0.50002722417400003,0.11325783771599995,0.097862142333000002,0
Mrk10,8.1437136843999998,0.1752064019699997,0.11907374849999997,0,23.322731914299997,3.1254305413000019,3.7281758440999972,0,1.31599148124,0.43591010271000008,0.30307441406000013,0,1.8956271623299998,0.5079461220799999,0.33533563782999987,0,51.243612042099997,17.565747225100012,17.241959219199998,0,10.6645813241,0.020055570300000269,0.025691141100001147,0,10.5541549997,0.05543543360000136,0.07165543969999888,0,10.0490922114,0.19081348440000134,0.43275874266999992,0,0.235725140414,0.12371374049400002,0.15099569237159999,0
Mrk18,6.7735916970500005,0.11384023856999903,0.067894732310000983,0,26.867084721299999,2.4630079623000007,3.2692449857999968,0,2.22942867119,0.30022923463000017,0.26094525065999985,0,2.25502681667,0.38931080009000008,0.39722733289000023,0,51.259451753,24.437300091899992,17.517728726400001,0,10.085986676900001,0.025580959599999176,0.028383102600001209,0,10.024179994900001,0.050740563599999788,0.17238083678999949,0,9.9241375470600008,,,-1,0.61365411540600001,,,-1
Mrk198,7.0786791282500001,0.060953644939998775,0.04955369325000003,0,29.532642132399999,2.4701910904000002,2.4002761873999994,0,1.7471034217200001,0.23546404460999981,0.25060237730000012,0,1.3700316208899999,0.58858323971000015,0.46870377198199986,0,44.1835617403,25.535869690600002,17.0344978961,0,10.372929940399999,0.024737451200000038,0.023432513199997729,0,10.294594801200001,0.028640412299999696,0.059804195800001736,0,9.5572874245200001,0.28920357854999956,0.240076136059999,0,0.15268670090199998,0.13344289098000001,0.062391509518799987,0
Mrk359,6.9407563652300004,0.097112913000000134,0.059242249540001346,0,27.580067299099998,2.4679609754000005,2.9828507633000001,0,2.1390724198500002,0.26074002149999975,0.25091992687000042,0,1.7087681972400002,0.4996237969299997,0.39937096272000017,0,45.089980328400003,22.91117685399999,14.307428134200002,0,10.3426452513,0.029144472000000476,0.028498681900000378,0,10.1947353255,0.04000765219999991,0.11192280709999913,0,9.8113350175799994,0.23009237802000015,0.2180750476999993,0,0.29391118926499998,0.17354867003000002,0.105223477807,0
Mrk509,7.3636349388600006,0.12433860675999853,0.066962673049999921,0,29.491036896999997,3.0296336608000054,3.9380732929999951,0,2.0869249288400002,0.28311131285000002,0.25849185327000024,0,1.5367988469799998,0.7398246326300002,0.45726219868999984,0,40.493503918400002,22.092720997600004,15.082790477700001,0,11.123496666600001,0.031774837799998679,0.042176426900001118,0,10.7685432004,0.060218480299999655,0.14329093379999946,0,10.8772063093,0.12138929700000034,0.13589121949999949,0,0.56192049555000001,0.14094340374800007,0.10472300233199999,0
Mrk590,8.2415750401899999,0.18590216544999905,0.1655389977699997,0,18.282872959300001,3.0109716288999984,2.5058101331000024,0,2.08634604025,0.47839013204999992,0.40416202083999986,0,1.5213391243799999,0.39860408697000005,0.32123257013999984,0,54.026059114300004,13.115224929299991,11.544094201800007,0,10.6091222894,0.024415909400000047,0.025487337999999582,0,10.376351551299999,0.066624812900000663,0.057723361399999007,0,10.2331879545,0.0840323558999998,0.14684787570000069,0,0.41735452246200005,0.079771301080999946,0.10671057449500004,0
Mrk618,7.9545410848100007,0.10282925712000068,0.071145122080000789,0,28.8375446521,2.9083518141999996,3.3840167916999988,0,1.8211587219799998,0.29182892900000024,0.24851256900000007,0,1.55983247106,0.46075391037000024,0.37053921259,0,46.3754906578,22.440383436800005,15.335903993500001,0,11.339607793399999,0.028074541800000574,0.026622779800000274,0,11.153905615799999,0.042094832800000148,0.091809058999999138,0,10.8946775379,0.15366958689999954,0.17607929349999907,0,0.35420592694899999,0.13406586761700001,0.10362887903599999,0
Mrk739E,7.8322645112,0.039106715780000911,0.03914292313999912,0,26.284997518800001,1.341635630799999,1.2238304293999995,0,1.94105274654,0.17132278732999984,0.16650841423000018,0,1.0455724683600001,0.55702048122999992,0.44121067624999999,0,42.168918873599999,20.228317364599995,15.495408052599998,0,10.8779296172,0.01894519100000025,0.017853228899999962,0,10.848629606199999,0.017138435200001467,0.022691444399999483,0,10.1266749727,,,-1,0.16881988764600001,,,-1
Mrk766,6.8518521646200004,0.16388120106999882,0.077772989789999691,0,32.0103992158,3.8080361940000031,5.7398399022,0,1.88212769072,0.29583028867999994,0.23088428825999996,0,2.5582030173799999,0.62792613749999981,0.63768995223000013,0,35.717270451799997,20.757624091100006,10.180809575099996,0,10.5738981795,0.037437331099999582,0.037003665200000313,0,10.3501008017,0.065208323800000301,0.20155671800000086,0,10.2097674181,0.19097421219999866,0.21234104566000056,0,0.41991912958000005,0.21343103187699991,0.13902944475900009,0
Mrk817,7.4133529890299998,0.15251508862000041,0.088090784590001192,0,32.668521128099997,4.3662942887000042,5.561912184799997,0,1.6942523978100001,0.34069836493000016,0.26018065179000027,0,2.2416833110400001,0.68231407577999992,0.55354103896999995,0,36.277880959199997,11.777144704700007,11.563781856299997,0,11.182520160699999,0.040130693500001868,0.045443722399999942,0,10.835810671800001,0.076877858099999585,0.17509724800000015,0,10.932802452300001,0.13493642619999768,0.16616721450000149,0,0.55240113185700002,0.16388633342999992,0.13473279166700003,0
Mrk885,7.4618696563000002,0.069593126990000087,0.060647636230000579,0,22.328426989499999,1.5697565785999998,1.7190077565999999,0,2.2046393223099998,0.32475836781000034,0.28474421741999967,0,1.5787817376700002,0.47745524198999978,0.4647154184600002,0,46.442810051499997,18.995428848500005,16.463430320899999,0,10.180669974299999,0.021066153300001389,0.02286400529999888,0,10.1754389096,0.024240689599999143,0.03181173009999938,0,9.5399272067199998,,,-1,0.17211482166299999,,,-1
Mrk975,7.8792518275200001,0.056097644259999413,0.044627310270000109,0,28.634474336500002,1.9059495705999971,2.1275403005000015,0,1.6722493437700001,0.21350286304999999,0.20806638018000023,0,1.6043544510499999,0.65398260923000029,0.54227765162999986,0,33.674939996500001,13.776864669299997,9.8941908955000031,0,11.192023257100001,0.03478146219999978,0.032751274500000704,0,10.959250792999999,0.024354481600001421,0.054696011299999014,0,10.8169322039,0.10798222179999861,0.1085148556999993,0,0.41898619511999996,0.082307130919000049,0.068914184405999945,0
NGC1106,7.4462101759500001,0.21121147140000041,0.19993822456000032,0,20.5298521347,4.7714478812999985,3.6032900590000025,0,2.0593262940799999,0.57270735792000016,0.48757359381999987,0,2.2073065412299999,0.48046900121000036,0.35714377240999995,0,48.190106110000002,11.630089982899996,9.5589959149000023,0,10.223838926000001,0.03339966129999894,0.032774485400000941,0,9.8671614754599997,0.11816834076000049,0.095497165779999449,0,9.9746262879499987,0.085979111350001247,0.15762225533999796,0,0.56824953188899996,0.086605836860000007,0.15826085015099994,0
NGC1365,8.1574404003699996,0.066839308960000565,0.04927237381999916,0,25.409208309899999,1.3188841013000001,1.7751332264999959,0,1.8130405879400002,0.17593607870999972,0.13980309059000007,0,2.0193619482399998,0.42848940924000001,0.38424530848999994,0,49.277605749499998,19.1409975941,16.019666128199994,0,11.016912353299999,0.020434804200000656,0.018284867699998486,0,11.013966114400001,0.028286852999999113,0.047612081800000539,0,10.673682164199999,,,-1,0.30109062674100001,,,-1
NGC2110,6.907317149439999,0.05945264008000084,0.046664520070000215,0,27.926576804299998,1.6891111335000026,1.9060489708999953,0,2.0178485536400004,0.19441683601999937,0.17868944200000025,0,1.3933975197600001,0.57647598003999967,0.42090445895400019,0,44.138154688599997,20.298553373000004,16.378232293599996,0,10.2173172475,0.026579055799999196,0.023222966000000511,0,10.1173455725,0.026593648500000455,0.042060023599999496,0,9.5316342295700007,0.18263148834999932,0.20334498534000112,0,0.20581404771899997,0.094404749007000022,0.071934432818999972,0
NGC2655,6.8223198232300009,0.054479571369999924,0.056589483230000681,0,29.158727942100001,1.9989807444000007,1.7148873826000042,0,0.80636260071199994,0.20123745638799995,0.20228770304799992,0,0.36535863761600001,0.50614323037999998,0.40233283351490001,0,48.396957301199997,17.218930335100005,17.367280239699998,0,9.5540342939799991,0.019610488959999728,0.020457662899998397,0,9.5010932179399994,0.016840542360000654,0.02051455568999927,0,8.6234157645000007,0.14175378978999831,0.2004198968000015,0,0.116759278344,0.04165489632500001,0.043066668562000004,0
NGC2992,7.2409236303199993,0.074359046430000575,0.052693466729999194,0,26.863594277399997,1.9323700781000035,2.2275769650000008,0,1.9133698618900001,0.21433266193999989,0.21104595229000012,0,1.9763770007400001,0.49094203490999999,0.42729759884000007,0,46.558553286800006,22.85336839739999,17.044623739700004,0,10.3345833448,0.023886105799999058,0.021353548400000477,0,10.3008434216,0.032231200100000024,0.07613367539999949,0,10.050835474600001,,,-1,0.42030187773,,,-1
NGC3035,7.611419099189999,0.07782215357000144,0.053952272539999235,0,21.204499039000002,1.2280683888000006,1.4999111765000031,0,1.9442658176599996,0.23051118825000017,0.19969788527999954,0,1.7809551507400001,0.44925021981999969,0.42142971693000009,0,49.2112434071,18.655214046099999,16.831950274299999,0,10.0636130598,0.017965013999999613,0.017923024199999915,0,10.0680777446,0.0257557024999997,0.038114348200000592,0,9.3696073360100005,,,-1,0.155577459444,,,-1
NGC3079,8.0901971393699998,0.032481585410000235,0.034114722249999119,0,26.636294217399996,0.99600530260000397,0.95792332199999564,0,1.7234433469599999,0.12824264063000013,0.12418995834999991,0,1.0505492829500001,0.49783615085999999,0.41180906858800004,0,47.490101180500005,18.163181805699992,17.744685487800005,0,10.964249776800001,0.012431711999999706,0.011728728400001387,0,11.0180327061,0.012979385700001345,0.014067439900001588,0,9.9642497768000009,,,-1,0.1,,,-1
NGC3081,7.081303190569999,0.16814878814000167,0.13458474056999936,0,25.225417336500001,4.430798863499998,4.0160366579000026,0,1.4379856745599999,0.41495960627000006,0.32800656168999986,0,2.0629601748900002,0.49129016900999956,0.44507085853000006,0,44.414628049899996,13.164293275799999,10.867774316899997,0,10.037114156499999,0.032580064400001163,0.0357806508999996,0,9.7412525396800014,0.088060867669998544,0.098060104860001829,0,9.7428980795399998,0.097564509090000584,0.18592205296999964,0,0.50337596023499998,0.10723457095900002,0.149505457013,0
NGC3227,7.6102811997000002,0.094736880849999316,0.058029153949999746,0,23.0277805833,1.4276173842000013,2.0686384014999994,0,1.9955055582700003,0.23392951682999974,0.18479126185000005,0,1.5710075891899999,0.42202242887000008,0.34485864337999983,0,50.811517026499999,18.207022833700009,16.629859339199996,0,10.381779326,0.022280333299999455,0.021706343800000027,0,10.3014112577,0.029615916599999181,0.05880013520000027,0,9.6067739506199992,0.25600936075000114,0.33288683324999901,0,0.16741748799799999,0.12349220870600003,0.087478514174599994,0
NGC3281,7.2927864565699991,0.14702056384999995,0.086184160429999324,0,26.220238524199999,2.8536869338000024,3.7639959768999987,0,2.18973558246,0.31011255684000005,0.23433311298999993,0,2.06609753008,0.6414857572999999,0.45840992982999995,0,41.451914197900003,16.861695321499994,14.1616635026,0,10.7040789359,0.031109147700000506,0.039671528999999595,0,10.428735680299999,0.075729928000001223,0.11457070109999989,0,10.378407259899999,0.13349641179999949,0.19670543869999868,0,0.47241365455200002,0.13825473736099991,0.149397038722,0
NGC3393,7.8601014340199997,0.2725617298699996,0.23042780791999995,0,18.5688068505,4.6002547952999997,3.8494787306999996,0,2.0827096868400004,0.8252383531099996,0.58818200132000009,0,2.18535485555,0.38321888300000007,0.36804469300999987,0,48.050319815900004,10.147632887499995,7.2294963872000082,0,10.3533572688,0.028645559999999293,0.031949615400000297,0,10.026873206699999,0.088000889599999965,0.0732843395499998,0,10.0837891818,0.070302370100000289,0.14317369366000143,0,0.53111784778399995,0.080585335310000006,0.13233003749699995,0
NGC3431,7.58445963498,0.11816753845000072,0.073385694199998852,0,24.789319163400002,2.165679159099998,2.8818990003000025,0,1.2025857580500001,0.29658009696999987,0.23671688287600012,0,1.4962718955399998,0.37946647580000015,0.41654576626999984,0,52.811902913199994,16.363681739800008,15.675662964199994,0,10.161991947400001,0.022084159800000336,0.022235239600000511,0,10.083878646000001,0.035668030900000147,0.059692196100000317,0,9.3834501259199996,0.24660667993000018,0.34828192533000113,0,0.16342198066400002,0.12138070407099996,0.09401946563080002,0
NGC3718,6.9345737897300008,0.05317494835999792,0.052808170580001423,0,24.584401144200001,1.3744046211000018,1.480181433000002,0,0.35550364716300004,0.24257665072899998,0.20377748120200004,0,-0.0040298713520000003,0.522816334429,0.426483368019,0,48.223606156400002,20.075007035899993,18.162481428100005,0,9.0705070759300011,0.017273438859998436,0.019317205900000189,0,9.0856757501600001,0.019572810559999709,0.018540403249998505,0,8.0705070759300011,,,-1,0.1,,,-1
NGC3783,7.4618770175,0.21874426776999911,0.19869029522999959,0,20.365206560499999,4.5234801106000013,3.4963107204999986,0,2.05044038627,0.53444607450000037,0.45753561712000002,0,1.6891752213100002,0.45425135165999997,0.37979884390000018,0,47.5494096957,10.856568658,9.0033540773999974,0,10.4111123541,0.033387899100000951,0.033260134399998975,0,9.8604461555100009,0.10862732560999966,0.086531224670000739,0,10.267924048400001,0.05268217959999788,0.071505376700001122,0,0.72327036973100012,0.050951826354999952,0.089794873795000174,0
NGC4051,7.5988077208,0.060470293999999924,0.046129535250000409,0,21.895474728899998,1.0905474441000038,1.2449526529999986,0,1.9163000503900001,0.19818467205999979,0.17764345289999994,0,1.29277847752,0.54463680560999994,0.41741938419299995,0,49.058398282399999,17.72653732940001,17.960421725699998,0,10.151389183899999,0.017671765800001182,0.018910960299999502,0,10.126255653699999,0.019007037499999768,0.028986579499999721,0,9.5038312334900006,,,-1,0.20404439370900002,,,-1
NGC4102,7.3314060643300012,0.14718746901999946,0.067393594300001247,0,26.606887368899997,2.0505988212000048,3.8398512714999988,0,2.1248819015500002,0.26482672011999986,0.17818776007000015,0,2.5997852896500002,0.48530353320999975,0.37152071970000033,0,45.286174508800002,21.454086560999997,14.630468564000001,0,10.538478210099999,0.024925869800000555,0.026574490399998041,0,10.4764323962,0.045647392699999401,0.14740023539999925,0,9.7857780495200011,0.42330759037999854,0.59114222236000025,0,0.13793686135,0.26787007452700001,0.13260183640033998,0
NGC4138,6.5660291937500004,0.047805143219999735,0.048928118180000979,0,23.522613962600001,1.3286503345999954,1.1802739483000018,0,1.6131677439800001,0.20320395327999985,0.20771790920000011,0,0.30650411012899997,0.42992596695800006,0.40150333249919995,0,47.797940330500005,19.02459705319999,16.000864902500002,0,9.125699899939999,0.018233678350000559,0.019551506689998277,0,9.1348746706399986,0.018744648920002049,0.020476442469998801,0,8.125699899939999,,,-1,0.1,,,-1
NGC4151,6.3642236210199998,0.17104535418000033,0.099467940690000312,0,25.100711946799997,3.5231337073000013,4.0553536205999983,0,1.8924950362999999,0.40910855705999993,0.33340156058000003,0,1.8757831790000001,0.58740491473999978,0.48697770286000019,0,38.484379961000002,9.7183472900999917,10.115897958600005,0,9.6641541432700002,0.041650843549998484,0.042865374170000692,0,9.2271586781399986,0.066757478590000474,0.097109591179997068,0,9.4729667284399994,0.08524198361000046,0.1049934491099993,0,0.63786904430299995,0.087806482479000136,0.095058175623999985,0
NGC4180,7.2203097503999993,0.036814882960001682,0.034707449239999022,0,25.145581392699999,1.0336437328000017,1.0106537791999983,0,1.9637991746400001,0.14736528597999987,0.14559828068000003,0,0.93282769904499996,0.538662746375,0.43006674089099994,0,45.493317374899995,19.875348560900001,16.186780361299995,0,10.0839809831,0.015436686799999322,0.014963771999999764,0,10.128142387999999,0.015731441000001567,0.015847144699998594,0,9.0839809831,,,-1,0.1,,,-1
NGC4235,6.5854790376400008,0.1025911416900005,0.079573374080001535,0,22.9954565675,2.1249793023000016,2.3567915811999995,0,1.5656617528000001,0.40486901062999991,0.32537115957999996,0,0.85034696748899996,0.47427822018100019,0.42641757624900001,0,50.607230916700004,18.739791063099986,16.017750381900001,0,9.2061799205299994,0.025602813289999915,0.026496645629999094,0,9.0755926566300005,0.029982027820000923,0.049811923440001848,0,8.6123022651100012,0.14430849819999914,0.1272259800300013,0,0.25442830702699998,0.091008050075000013,0.055340977217999965,0
NGC424,7.1511523590000001,0.23375692339999965,0.24814316668999936,0,23.735294422199999,7.8679665235999998,4.9025900807999996,0,1.5291264558700002,0.56444378743999968,0.49726897905,0,1.2008142632400001,0.38530429350999995,0.31764409580500008,0,51.373259087299992,9.5072245346000059,9.382402804999991,0,10.4987711318,0.035523001500001428,0.039256257699999964,0,9.7024517981300011,0.16737987866999759,0.1156018680700015,0,10.4186669666,0.053173167699998913,0.072522965899999292,0,0.83927706057099993,0.041797442396000029,0.079597662043999984,0
NGC4388,6.9957251993399989,0.089579217800000777,0.057255331699999523,0,25.376298968899999,1.7270066369000006,2.359166489499998,0,1.8812542509999999,0.22564141166000007,0.17702133399999997,0,2.1734912185099997,0.65565375123000047,0.51359460110999966,0,39.839726517800003,17.978571636799998,12.983083440300003,0,9.9960693382900008,0.027886401609999112,0.028023515750001948,0,9.8873674606000002,0.033769501219998332,0.069704755460000101,0,9.3470653720800012,0.23083535117999965,0.25753287318000062,0,0.22238502821199999,0.13973302206300006,0.09513661856199998,0
NGC4507,7.5359960930299996,0.22042533985999935,0.20532258569000028,0,23.878121183499999,6.1854066846000002,4.6920852994999969,0,1.7115660043500001,0.51448846430000006,0.42174528574000014,0,1.8019490558000002,0.37620149905,0.29828612740000016,0,53.4072081909,12.654425369200005,10.5573174178,0,10.630695824,0.029785423199999883,0.031101193799999649,0,10.186754037,0.13546478169999965,0.11302359109999927,0,10.439972838999999,0.07437232570000063,0.14131822220000068,0,0.63989690446199998,0.092058311235000079,0.15077099111000003,0
NGC4619,7.9645024697500002,0.034261687169999,0.035782535740000121,0,24.484053678899997,1.0249611564000034,0.9719236995999978,0,1.6336808412799999,0.1680818017800001,0.14902621793999993,0,0.45493301870399999,0.45764804984700008,0.41630428001909997,0,49.639119318100008,19.037286430299993,17.745149650000009,0,10.6199886118,0.015610103000000208,0.014967783900001308,0,10.6425859814,0.015420561399999144,0.015541512700000482,0,9.6199886118000002,,,-1,0.1,,,-1
NGC4748,7.32903976344,0.15529077599000107,0.077343267229999846,0,23.1005684175,2.0770726380999989,3.3402857136999984,0,2.1890017659300001,0.40402389182000009,0.26430071863000015,0,2.12338921022,0.45571362227999979,0.42196803474999989,0,44.698282301099994,16.904375520100004,11.984745039099998,0,10.2533155105,0.025456135799998947,0.030265900499999887,0,10.121920208800001,0.045219382099999095,0.089756198300001699,0,9.6819240327899987,0.2106804989000004,0.32444926841999866,0,0.26401318045899996,0.15287215811600008,0.12894614398399995,0
NGC4939,8.1303901482399983,0.5894109512400032,0.23332285454999901,0,20.503183930999999,5.1514337559999994,7.4236366706999988,0,1.0876028553499999,1.3985676195800003,0.44222548947499996,0,1.53897455424,0.35051063544000005,0.84435391430699991,0,64.681985833799999,15.25245659849999,17.883381276000001,0,10.289834799099999,0.021826642000000618,0.030323608899999854,0,10.174579508700001,0.069353023699999738,0.099206438500001326,0,9.7387215325399996,0.16560194427999875,0.43567433279999968,0,0.23679260600699997,0.16593818406800004,0.17399723865029998,0
NGC4941,7.1731175690999995,0.40299058560000045,0.39080571027999955,0,16.5916009916,7.0787775824000008,4.2001915022999992,0,1.4953956698899999,1.1277659115000003,0.87512604064699995,0,1.38272560416,0.3436098713300002,0.29493163192000016,0,60.584710692100003,14.426811571499996,11.578345741800007,0,9.1017314637899993,0.020536027070001239,0.024244257059999441,0,8.8599607580999997,0.086652248489999195,0.044923022999999063,0,8.7324009371199995,0.064999990880000524,0.16290073541000005,0,0.42927750771899997,0.058525673555000046,0.13888161590599996,0
NGC5033,7.8029656939199992,0.040050188969999567,0.036740027089998684,0,24.898397795799998,1.0021352243000052,0.97903945099999845,0,1.2833719801299999,0.13911212399000017,0.13580792282999976,0,0.732149836424,0.54577027717600002,0.43735051602300001,0,49.082949992700001,18.046210260299993,18.290787381000001,0,10.3250141163,0.014477042399999362,0.013866894299999544,0,10.356014290199999,0.013461870200000448,0.015591591399999771,0,9.3250141163000002,,,-1,0.1,,,-1
NGC513,7.6034212758100006,0.037857589289999716,0.036493902340000162,0,26.142244356900001,1.1859246624999997,1.1999523649000032,0,2.0914106441400002,0.17157816898,0.1625985591700001,0,1.2257939170299998,0.52570515276000007,0.44321283110699983,0,43.857056721499994,19.339014986800002,15.658243422499993,0,10.654661862000001,0.016000141199999263,0.016216945600001864,0,10.682906791300001,0.0155779588999998,0.018323667200000671,0,9.6546618620000011,,,-1,0.1,,,-1
NGC5231,7.555534744810001,0.050842635850000484,0.049947403310000915,0,24.017169682900001,1.7519155748999999,1.4590752334000037,0,1.8149648590099998,0.28119937024000041,0.28714138826000002,0,1.3979340404,0.53305552103000009,0.45360659804699999,0,43.832788438999998,18.010039055500002,15.855020828099995,0,10.288607865700001,0.019525496499998241,0.020710994100001656,0,10.278019717699999,0.023021631600000703,0.032071806899999444,0,9.5587422575600005,,,-1,0.15595631684399999,,,-1
NGC5290,7.5348860087100009,0.05728594925999797,0.059350600270001053,0,20.631656161400002,1.1993782545000009,1.0458476290000007,0,1.9659356512700001,0.22030449681999986,0.21437268957999978,0,0.43215186298000002,0.45798736495799991,0.37162779805410001,0,47.788734052999999,18.795374018499999,16.274162111899997,0,9.9111062904100002,0.026741626009998853,0.02580633606000049,0,9.9351426595200003,0.02908369227999863,0.032223203909998333,0,8.9111062904100002,,,-1,0.1,,,-1
NGC5506,6.6348303691499995,0.18612312557000088,0.11381519834999931,0,28.313838970500001,4.3150112136999965,5.1877536349000017,0,1.8228234116199999,0.35365953432000019,0.25813195634999975,0,2.0006406069799998,0.5082178743500001,0.45169921765999965,0,42.599978084100002,12.319626077899997,11.571488811800002,0,10.1505783752,0.034505668099999554,0.038877466000000638,0,9.7614653351200005,0.10616107029999888,0.14565215888000083,0,9.9284237540999989,0.10389486810000115,0.15367264529999858,0,0.59807303221499997,0.12173879122000009,0.14368220915599994,0
NGC5610,7.7285179582100012,0.1118130798000001,0.069126200790001313,0,28.119305535900001,2.6541200625000023,3.3002372657999999,0,1.6450663537200001,0.26377490166999995,0.20674322596000017,0,2.2523590903799997,0.47600252963000012,0.43579385140999949,0,50.339556595399998,16.738779066000006,14.995918525199997,0,10.817263665699999,0.02278244480000069,0.023190336999999062,0,10.756068309200002,0.048363967899998528,0.10395690720000061,0,10.5425289525,,,-1,0.48241155057199997,,,-1
NGC5674,8.0434811137000004,0.036923975599998826,0.035423888500000444,0,25.215983014199999,1.0935037404000028,0.94254616159999571,0,1.66492143866,0.14671864844000004,0.14808568755000007,0,0.39137532699700001,0.49087422828900001,0.38719498452324003,0,48.922654432000002,18.127566186400003,17.855127919800005,0,10.792874511400001,0.015185953999997892,0.017801295099999948,0,10.809959747200001,0.015512474999999526,0.015047971700001384,0,9.7928745114000009,,,-1,0.1,,,-1
NGC5728,7.2022121354799999,0.060571032120000368,0.048725907419998826,0,27.585994308000004,1.4963930445999978,1.8310529806000062,0,1.5831195988799998,0.17811297768000012,0.1489530486499997,0,1.7033355900799998,0.53700069760000013,0.42867425375999968,0,51.346368369700002,17.829382902599988,19.994973361600003,0,10.1462996146,0.018716762099998618,0.020106323000000259,0,10.138580317500001,0.026398701099999755,0.038438618400000735,0,9.72071706935,,,-1,0.259040599614,,,-1
NGC5899,7.9077387538199995,0.041684184820000247,0.03983144424999896,0,23.7771167985,0.97290211740000032,0.99554719700000049,0,1.6186830431900001,0.14835573106000011,0.14682416504000018,0,0.99015451708199997,0.45911438924799997,0.41939802402199999,0,50.297866312700002,18.472316115800005,17.484959154999999,0,10.4945194906,0.014623614699999621,0.015499278700000119,0,10.504465315499999,0.016239120500001647,0.02045384579999876,0,9.4945194906000001,,,-1,0.1,,,-1
NGC5995,8.0533016888799995,0.14740901815000029,0.072160477859999794,0,25.558749026399997,2.1591495808000012,3.6929580777999966,0,1.9729161173199998,0.32867692800999992,0.19711701855999997,0,1.6972103926299997,0.43002638886000044,0.36230941672999961,0,49.127174885500004,15.234139778999996,18.096777534900006,0,11.1733637315,0.02821888099999903,0.027787701100001172,0,11.001044304100001,0.050778362700000912,0.10461583999999924,0,10.698316996399999,0.19280809740000215,0.23387533529999871,0,0.33686918650200004,0.16251299488699994,0.13486980690700004,0
NGC6221,7.6199483069399987,0.06789133997000274,0.056911337209998081,0,25.0892215577,1.5670472384999989,1.7230617138999982,0,1.9556545063699999,0.18289338595999971,0.17599059899999969,0,1.7751292139900001,0.49191215725999982,0.43187059704000008,0,50.264022009199998,18.045545752800003,16.725637734599999,0,10.5526884504,0.021595464600000724,0.022047953299999534,0,10.5182138449,0.030053676799999707,0.062635251599999719,0,10.161429054400001,,,-1,0.35961953199100005,,,-1
NGC6240,8.267023900149999,0.18564594941000223,0.060790619739998775,0,30.486060446500002,2.5853726471999998,5.9728813613000007,0,2.0513578772700001,0.28581443436999976,0.20017762567000008,0,3.0615748192299996,0.80067578392000049,0.44266255558999923,0,36.1326726498,32.616752283099999,10.855337112699999,0,11.7826021478,0.026666598600000313,0.027255838500000351,0,11.733559103399999,0.04523116920000092,0.27769500949999859,0,11.711380336300001,,,-1,0.766867931374,,,-1
NGC6300,7.4487020918499995,0.15509469197000048,0.065760439589999109,0,22.848293850900003,1.5725265471000007,3.0933652964000018,0,1.71361002872,0.32032490955000026,0.18928630024000004,0,1.4728671604799999,0.45133458133000004,0.45425014752999981,0,57.433836019200001,16.513945213300005,18.816603492800006,0,10.056829346000001,0.022573290699998694,0.019725416900001846,0,9.9852074016600003,0.034124388939998695,0.084807827800000624,0,9.2370116140499992,0.34640982602000037,0.35101519712999973,0,0.150775801204,0.171227125467,0.08591162556830001,0
NGC6552,7.3874480117199992,0.084503139460000654,0.060671748199998987,0,31.723036364899997,2.7213753379000067,3.309836057299993,0,1.8094944177200001,0.21513281597999989,0.20211722623000017,0,3.38537532495,0.70839774444000003,0.72482785933999994,0,29.0459840109,8.8944503331000035,6.8740979562000035,0,11.005093526,0.049766603300001933,0.051888569199999068,0,10.8020268377,0.043557985599999682,0.090130958099999603,0,10.5899915252,0.18437778959999918,0.22573287690000043,0,0.37777145707099996,0.15162590645200008,0.12371566186099997,0
NGC6814,7.5532441887499999,0.039292929010000144,0.03632160959999986,0,23.576368619,1.0153071800000006,0.97223566379999937,0,1.53830086409,0.16016088065999989,0.16249732429000008,0,0.89057798421699996,0.42086193743300016,0.40349643979299993,0,49.283871758300002,17.193256731599995,16.522531232700004,0,10.0834665254,0.014385715299999546,0.015303640400000873,0,10.093239713099999,0.01660893170000044,0.017588834099999673,0,9.0834665254000004,,,-1,0.1,,,-1
NGC6860,7.5064750502100006,0.071626359269999718,0.055310271100000641,0,24.2264233111,1.541831055400003,1.7752708364999989,0,1.7691885630500002,0.23328748757999973,0.21116232782000011,0,1.0161659869999999,0.50825835571,0.41960746639199997,0,47.652598563599994,17.802195691400001,17.813745554299995,0,10.3889190511,0.025788971799999061,0.026077561900001101,0,10.219835613099999,0.024714095200002006,0.039801860599999017,0,9.9036689793600008,0.11595419563999876,0.13773388793000052,0,0.327646111342,0.079493596060999983,0.077886771083000017,0
NGC7172,7.4808970611500003,0.03554550802999934,0.036317633120000359,0,24.631907996500001,0.90882409499999994,0.96796380150000161,0,1.9642282935799997,0.14204786261000057,0.13010378547999979,0,1.0439513823,0.46226767466000007,0.40178673685799993,0,48.956467091199997,19.437191067600011,17.924870457999994,0,10.315421429199999,0.014842106399999722,0.015882606399999943,0,10.334559687700001,0.016883644199999992,0.018139007600000312,0,9.3154214291999988,,,-1,0.1,,,-1
NGC7213,6.7727421993499997,0.09166293133000103,0.054068962409999699,0,23.383223908200002,1.240269655499997,2.0220508041000009,0,1.6357109921599999,0.24469219337000014,0.16046435804999981,0,0.92027018035899999,0.50109750114100005,0.43663155686100003,0,54.539922355600005,17.742993735799992,20.041966430500004,0,9.4391398888300007,0.020120310509998518,0.022330610650000082,0,9.3291559435699991,0.024408787370001406,0.040101458329999673,0,8.7900426149099999,0.15420533258999924,0.16529697316000025,0,0.22461334252500001,0.08479543426900002,0.067122841018000007,0
NGC7465,6.6918538872999997,0.042715985470000106,0.04520176970999934,0,31.089764957,1.9959126409000021,1.9358879744999982,0,1.37469657044,0.2297446542799999,0.19308350100000005,0,1.31052898817,0.65482023362000019,0.47339680262899986,0,45.356870748999995,18.324198236400008,18.655570419099998,0,9.7929682758100007,0.016145079359999315,0.018684990980000649,0,9.8093720006600016,0.018923956799998365,0.025049468370001549,0,8.7929682758100007,,,-1,0.1,,,-1
NGC7479,8.0776263822200001,0.20087189897999913,0.17842126635,0,20.713155349099999,3.979735376699999,3.4109816748999968,0,1.8722041897999999,0.49191032021999992,0.38232347551000001,0,2.2125977108900003,0.37377267834999994,0.30399288573000072,0,54.285109365699995,12.156783191700001,10.933420427799994,0,10.679302704500001,0.021600535999997561,0.021043038200001973,0,10.445856153300001,0.095535042599999898,0.079758338100001325,0,10.3074674008,0.10490384219999882,0.22622910369999971,0,0.42205801180399999,0.10686382678800005,0.16396108633299999,0
NGC7582,7.5850254969100011,0.069624054829997561,0.046978087530000323,0,26.652046993899997,1.462346022600002,2.0295835117000003,0,2.03448431216,0.17831985106999992,0.1545022079199998,0,2.0433430161099997,0.55063793667000027,0.40707747236999992,0,48.415641878999999,22.525357135200004,16.664863072699998,0,10.7141532648,0.021944550900000692,0.021611587300000679,0,10.6762840324,0.036034696799999821,0.071501292599998933,0,10.413571373,,,-1,0.41151338127099996,,,-1
NGC7603,7.9414654701699998,0.044647887310000023,0.038846908139999137,0,25.5917961912,1.3159941072999999,1.3917261590999992,0,1.7460018080500002,0.20511791449999972,0.18005000865000009,0,0.45529125429599998,0.56640872623399985,0.40295252672019999,0,45.5012240955,18.193888808899999,17.9182631951,0,10.983832467799999,0.026603194799999841,0.026356412000000162,0,10.784020513699998,0.019895542800002275,0.02440190049999913,0,10.549974761,0.076104935900000115,0.080165988299999213,0,0.36744981175199998,0.051152118040000027,0.046348622901999981,0
NGC7679,7.7069885657800006,0.041178634819998727,0.042622891840001564,0,27.911457109299999,1.6964804228999988,1.5180358875000017,0,2.14203055659,0.17983815446999962,0.18670077368000015,0,1.46142888869,0.47403159980999998,0.40568913269000006,0,49.305993819399994,23.22254679520001,16.111827264799992,0,10.996050813599998,0.018366556300001946,0.020088723999997171,0,10.991736306199998,0.024540653200002538,0.037499124299998243,0,10.558514045599999,,,-1,0.219714617684,,,-1
NGC931,8.0883805329000005,0.2234898727600001,0.1703028111500009,0,22.372768296900002,4.5323620828999971,4.2986902455000013,0,1.5119486946399998,0.58087355585000044,0.39082811259999994,0,1.4353887893799999,0.38822535762999988,0.32078199175999988,0,55.322644912600005,14.729786402899997,15.269312303000007,0,10.8042345622,0.025728896900000464,0.033415523900000466,0,10.4901850819,0.089078461399999753,0.094275196599999944,0,10.5186576902,0.09583568250000063,0.16671920819999819,0,0.51874617600399997,0.10250355485100004,0.14420316945399997,0
NGC985,8.1160989548899991,0.15958053954000206,0.10058931134999938,0,27.618779356899999,3.868971580900002,4.606484018299998,0,1.4303692694499999,0.43016349860000025,0.28441892189999995,0,1.7349907572499998,0.48180398088000009,0.42121088401999995,0,44.351242765600006,13.803465767500001,13.243335177600002,0,11.268829736700001,0.031708882700000274,0.031554773100001654,0,10.9731942229,0.072811299699999665,0.085613164999999825,0,10.958086999700001,0.121220920499999,0.14314756720000155,0,0.49617436069900001,0.10858847672399996,0.12662908508800003,0
UGC01479,7.4225489726399996,0.076826264480000184,0.05421431185000003,0,26.763719004799999,1.9140224809999999,2.3774423876999968,0,1.6497908136200001,0.25252660396999982,0.2201290532200002,0,2.0231720228099999,0.55613678218000029,0.46506259900999991,0,49.401437337299996,18.597999104900012,19.087055111899996,0,10.325959424099999,0.018430244600001089,0.019785656799998108,0,10.3204407949,0.027884344000000283,0.052019191599999459,0,9.8961491435499997,,,-1,0.26855045247800002,,,-1
UGC03478,7.5751470127499996,0.071056798739999927,0.053896722400000208,0,23.128098764299999,1.3647995803999997,1.5616230644000026,0,1.7153234980200001,0.20876257016999999,0.1798322348000001,0,1.3640496629600001,0.48665099418000013,0.41985999650500005,0,50.4939914578,17.671706080699998,17.1082333998,0,10.2072533902,0.023119400700000625,0.019750090199998738,0,10.1520939099,0.022059347700000842,0.037032862699998503,0,9.2972946927300004,0.25079640908999856,0.32555249809000131,0,0.118706694036,0.092378927188999996,0.065079182703199984,0
UGC05881,7.3534303209600012,0.15545994090000015,0.073649354790001453,0,29.276558007199998,2.9819502158000013,4.8653836498000018,0,1.6411216627,0.35312746090999969,0.25191242888999987,0,2.3541846036400003,0.45973004590999977,0.47280752819999994,0,46.0311624936,19.623109420900001,15.545276110900001,0,10.5372941987,0.02510583749999995,0.029003842199999852,0,10.470183609500001,0.048532022399999875,0.14738494180000217,0,10.399919539700001,,,-1,0.63508009044500002,,,-1
UGC12282,7.8699841714199996,0.04657972344000072,0.045794008969999744,0,23.988252538000001,1.2945756781999975,1.2956132980000028,0,1.3842376884500001,0.22426311841999991,0.20223746108999996,0,0.9008269373890001,0.4753051845009999,0.41381650114800012,0,50.400527536400006,17.508668313999991,17.86849403650001,0,10.3821965357,0.018271767699999941,0.01590833570000072,0,10.3817264648,0.015441909399999787,0.021716711099999841,0,9.3821965357000003,,,-1,0.1,,,-1
UGC12741,7.1889866816600003,0.073858344379999608,0.060621562920000649,0,23.728569540199999,1.9409738863999983,1.9120240257999974,0,1.8442692956,0.30656746564999993,0.29324040455000011,0,1.6172282492700001,0.44676802338999977,0.40556734672000005,0,48.160102460099999,19.611351227800007,15.9926857484,0,9.8975718308000005,0.020904580230000747,0.021639119080001379,0,9.8891219921900007,0.024119689329998195,0.036333292150001029,0,9.3277463333300012,,,-1,0.21094466926800001,,,-1
VIIZw073,7.7452997133500006,0.14448002392999992,0.093755683650000421,0,27.757234361999998,3.6311963997000021,4.3755014525,0,2.1651415550799999,0.34940502206000001,0.29641271803999958,0,2.6954700580699997,0.71201721872000068,0.57342866315999963,0,39.898853527699998,26.1090541178,12.985833173699998,0,11.2223695281,0.033756843400000847,0.028873009699999841,0,11.0393756529,0.088333449200000302,0.15942258670000164,0,10.779226014300001,0.21170341409999871,0.35343198190000003,0,0.35153993373699999,0.20779374416899998,0.18675412942899999,0
