Name,mdust,mdust_err_high,mdust_err_low,mdust_flag,tdust,tdust_err_high,tdust_err_low,tdust_flag,alpha,alpha_err_high,alpha_err_low,alpha_flag,wturn,wturn_err_high,wturn_err_low,wturn_flag,lir_total,lir_total_err_high,lir_total_err_low,lir_total_flag,lir_sf,lir_sf_err_high,lir_sf_err_low,lir_sf_flag,lir_agn,lir_agn_err_high,lir_agn_err_low,lir_agn_flag,agn_frac,agn_frac_high,agn_frac_low,agn_frac_flag,agn_frac_err_low,agn_frac_err_high
PG 0003+158,4.5085756358899998,,,-1,,,,,1.6283672118900001,0.09786133320999979,0.098414267950000189,0,33.5915757832,2.3474283023000027,2.2427544155999968,0,12.104116357600001,,,-1,11.1789619758,,,-1,12.014433221199999,,,1,0.87290680135599996,,,1,,
PG 0003+199,6.5898523641199995,0.13343027997999979,0.12633094954999979,0,23.8810060496,2.1496413440999973,2.1349867144000001,0,1.2086723883399999,0.057028388850000056,0.057030717179999968,0,53.257395408400001,3.1846159872000044,3.2214671073000076,0,10.5285093271,0.0047000120999989292,0.004449626999999623,0,9.5602897758300003,,,-1,10.474332862899999,,,1,0.8920092871969999,,,1,,
PG 0007+106,9.4470788871899991,0.069511591780001325,0.087401651299998662,0,10.921836627699999,0.45850255420000074,0.35320061759999888,0,1.5116360393599999,0.04584057559000021,0.04107424965999984,0,63.793119816599997,1.9079958748000081,1.9913088599999966,0,11.352413376300001,0.0043265491999981975,0.0051799328000026179,0,10.352413376300001,,,-1,11.306655885739326,,,1,0.9,,,1,,
PG 0026+129,4.4049309410499999,,,-1,,,,,1.12120139337,0.14506516020999993,0.10654517030999999,0,47.011760385300001,6.1327751540999955,9.7041690526000011,0,11.2503436377,,,-1,10.459942832199999,,,-1,11.116044665699999,,,1,0.82772862542600001,,,1,,
PG 0043+039,8.2186856661200007,0.41846140154000011,0.29396613923000192,0,26.673117243099998,5.3063021765999991,6.4148043126999994,0,1.0759710528899999,0.10550741266000019,0.097657057054999941,0,58.918350238800002,16.949832174299999,15.334371283500005,0,12.005211688499999,0.022906918000002108,0.026603130699999866,0,11.317225429400001,0.21536935069999963,0.33329771120000196,0,11.899941397799999,0.066246920399999354,0.08179279579999843,0,0.79259848907600006,,,0,0.128102081843,0.113572832158
PG 0049+171,5.6080199768499996,0.80407925293000115,0.92196783979999974,0,37.429911136199998,15.342161696200002,11.359350385099997,0,0.80316652832900004,0.181135053416,0.14156048674200006,0,53.999896563199997,21.3051469591,19.102218564899999,0,10.2237043721,0.053220177500000077,0.041355098600000417,0,9.6824554363699988,0.24455726966000135,0.86809853602999887,0,10.0724738909,0.087320435500000571,0.084203607339999209,0,0.71174023093399996,,,0,0.17755590553,0.24641458777
PG 0050+124,8.1754960103799998,0.01171480788999979,0.010909415280000445,0,27.685654432100002,0.21932343619999628,0.24600224499999968,0,1.66642221869,0.074036706640000061,0.064306508319999844,0,45.7286016734,1.5865556059999975,1.5448777196000023,0,11.8505062634,0.0025784949999998474,0.0028913552000009446,0,11.353174237299999,0.010108841299999227,0.011924124200000108,0,11.6845875949,0.0068332526999999033,0.0073648151999989864,0,0.68219320257300009,,,0,0.1,0.1
PG 0052+251,8.1319095299199997,0.078914746300000616,0.085741711669999887,0,23.879480764099998,1.0614585214000023,1.1205899294000012,0,1.60303467333,0.10306311454999983,0.077667736400000242,0,36.578838729299996,3.8097744471000041,4.1311620960999917,0,11.5710501575,0.012965947399999678,0.014944209400001185,0,10.919576619100001,0.049749701699997928,0.057672371000000666,0,11.462884239500001,0.021919001499998814,0.027465176300001559,0,0.77719407079199998,,,0,0.1,0.1
PG 0157+001,8.5595463362800004,0.026246997609998601,0.014624037829999992,0,33.486096632399999,0.33683137700000287,0.69971378790000216,0,3.1226968986400001,0.072778844619999727,0.22483093662000009,0,33.968750599899998,2.7514698280000047,0.73351345060000028,0,12.588268102799999,0.002844674400002134,0.0030841459999990661,0,12.2322330146,0.012871267000001296,0.029156620900002039,0,12.337178657000001,0.019286339099998884,0.011561502799999346,0,0.56015036452299993,,,0,0.1,0.1
PG 0804+761,6.6654960077799998,0.67913915592000063,0.57198239356999991,0,29.658588674200001,13.289218218600002,8.9793511471999992,0,0.97187412751799995,0.078415657042000153,0.063303209767999857,0,46.314717190500005,3.5738062109999902,6.2073998452000012,0,11.5536390831,0.0059929142000001434,0.0064083238999987913,0,10.619839491600001,,,-1,11.4996342757,,,1,0.88499527963000002,,,1,,
PG 0838+770,8.0542050246799999,0.06389602590999921,0.055647740369998644,0,25.373177420700003,0.84186037179999573,1.0149531691000035,0,1.9730990455500002,0.083814071930000011,0.07390924563000012,0,40.9274997586,4.2502103555000019,4.2106352205999968,0,11.464939372,0.012253606599999856,0.014645244799998736,0,11.003620683900001,0.037042563599998246,0.051489671800000636,0,11.280429234200001,0.0370456793999967,0.039124053600001929,0,0.65479069475500007,,,0,0.1,0.1
PG 0844+349,7.5831164076399995,0.061292754820001072,0.058532365659998753,0,21.9747063963,0.81681998609999695,0.88845386239999868,0,1.70747001067,0.15260279132999988,0.10007997078000019,0,33.641043050100002,3.9542809014999989,4.6370532287999993,0,10.834645466,0.014461398100001688,0.019815736599998246,0,10.1593988905,0.044017269099999368,0.051859506400001365,0,10.7316223458,0.024862284999999318,0.033325606100000016,0,0.78755002155699994,,,0,0.1,0.1
PG 0921+525,6.7947472902500001,0.089114821539999056,0.08215404862000053,0,24.0621713693,1.2362857124000008,1.4114767860999997,0,1.0551232958399999,0.11230994683000017,0.082133768204999846,0,46.874284159300004,8.0067457888999911,7.4264036694000026,0,10.357415682200001,0.01057703719999914,0.012777011900000801,0,9.6056530274699998,0.060820085579999628,0.080520453270001013,0,10.272815376,0.02551875209999821,0.026861805700001185,0,0.82337156989500004,,,0,0.1,0.1
PG 0923+129,7.3480858450899991,0.2878198504200018,0.060065206369999125,0,25.2078049948,1.2243860836000025,5.5610141712000001,0,1.49989672271,0.12623703681999987,0.11428278114999979,0,57.496683296699999,36.041822890300011,10.589006865899997,0,10.6914886471,0.011399104200000565,0.01072533369999995,0,10.278796656799999,0.066672683600000227,0.35426818494999956,0,10.4769106025,0.14679666139999981,0.063007907499999405,0,0.61221617808899997,,,0,0.1,0.221320959286
PG 0923+201,7.4938984520600007,0.82427101932000024,0.79546175569000077,0,23.780470074699998,9.8282075516999967,9.0846850670999988,0,0.87426439959900004,0.091887577030999812,0.072501490458000029,0,49.089573438000002,8.050290692099999,8.8006445622000058,0,11.581886217599999,0.014513120700000215,0.017877150399998598,0,10.6999889133,,,-1,11.5059800255,,,1,0.86746431161100002,,,1,,
PG 0934+013,6.6603070433000005,0.10922054936999892,0.10852312302000033,0,33.131990797600004,1.7196864630999968,1.8325763733000073,0,2.2229442422099996,0.24047805268000078,0.17897263345999948,0,31.407163797900001,6.5404543392000001,5.2623728177999993,0,10.6285717461,0.014430250499998465,0.020644878700000646,0,10.309497840100001,0.032904598300000032,0.06168831100000105,0,10.3392794996,0.074390193199999288,0.060358993499999514,0,0.51570983496599998,,,0,0.1,0.1
PG 0947+396,8.5773547557000001,0.11650337568000069,0.080693417470000028,0,23.335249199699998,1.2991835154000029,1.8422405366999968,0,1.30962857972,0.089639822240000111,0.075033931699999945,0,52.956556376000002,11.757820642599988,10.176536544500003,0,11.7796746418,0.013849422200001626,0.014000239599999631,0,11.3086977072,0.060810342299999931,0.10723612680000016,0,11.6035358066,0.053403412799999828,0.056386661599999499,0,0.66359771968699999,,,0,0.1,0.1
PG 0953+414,7.6937199660600006,0.54452278759000006,0.48614071412000204,0,22.7508174096,6.779996263200001,5.5934851146,0,1.0246092060700001,0.13595734810999982,0.093618702609000071,0,40.546871945999996,6.9678804300000081,8.3606293503999964,0,11.6930412847,0.018189137600000294,0.024346805599998689,0,10.729530304199999,,,-1,11.613813119200001,,,1,0.88849763421000005,,,1,,
PG 1001+054,4.8081679974,,,-1,,,,,0.9194424479629999,0.079131084981000188,0.074123452448999871,0,64.7394259764,9.1631754415000017,11.962667826400001,0,11.315783892600001,,,-1,10.662521332300001,,,-1,11.1716091057,,,1,0.75803451584699999,,,1,,
PG 1004+130,7.8147872190499994,0.25218679903999952,0.24166356581999882,0,30.701520381199998,4.5825700247000043,4.4800711837999998,0,1.61246795727,0.13687315955000012,0.092928969489999957,0,37.935797639099995,5.9884832780000039,6.8219242277999932,0,11.990063304400001,0.013399370399998389,0.016381223700001613,0,11.258753216700001,0.14086442790000042,0.16781759310000233,0,11.901572275099999,0.040374125999999677,0.05575886339999947,0,0.81354065042400003,,,0,0.1,0.1
PG 1011-040,7.4563197914999995,0.044166637300000922,0.044852553749999302,0,24.674642147100002,0.62920675639999857,0.5997294184000026,0,1.8396935861000001,0.080377066079999837,0.06975547220999978,0,38.410080103299997,2.7352465049999992,2.911473520499996,0,10.8381043974,0.0097929378999985772,0.010138187500000839,0,10.3347299742,0.025738929899999263,0.02907537970000007,0,10.6740918483,0.023372166799999761,0.021918305599999854,0,0.68524940767800002,,,0,0.1,0.1
PG 1012+008,8.1760497168800015,0.19427411286999963,0.15479689585000145,0,23.092680018799999,2.1752474918000004,2.6726437092999973,0,1.3929865896200002,0.092379901369999962,0.084854533870000193,0,45.490364126899998,6.8320242503999964,6.077010395799995,0,11.644384031900001,0.013574616399997907,0.013130757100000778,0,10.884670001,0.099142207699998153,0.14573962270000074,0,11.562180869100001,0.033784023899999127,0.035779479400000369,0,0.82712847982500004,,,0,0.1,0.1
PG 1022+519,7.2147927647600003,0.053113597409999436,0.050220540189999774,0,25.642145199400002,0.80007365679999864,0.82495804510000426,0,1.12554432401,0.082983608479999971,0.063412439449999969,0,62.136908439999999,11.620525940699991,11.500689023,0,10.448364350599999,0.0089327880000009685,0.0088713869999992312,0,10.193398999899999,0.037327296900000917,0.044093011999999376,0,10.0977080975,0.050191666699999971,0.05792080189999993,0,0.44553059044200005,,,0,0.1,0.1
PG 1048+342,8.1837736358700006,0.096199887479999191,0.082484028939999732,0,23.268653373400003,1.0275895755999969,1.3580943627000011,0,1.3529201702000002,0.15815653118999973,0.13861501494000006,0,40.491879191199999,9.2078036193000017,7.4971094282999999,0,11.262214286199999,0.016710264500000349,0.018604725399999467,0,10.9057311191,0.04909784939999895,0.068560233700001305,0,11.011201171,0.051318848700001141,0.054768753799999459,0,0.56155384261800001,,,0,0.1,0.1
PG 1048-090,7.0558936172899998,,,-1,,,,,1.5565881697200001,0.17651600857999994,0.17006827429000038,0,36.914929833800002,7.7254815289000049,6.4068918305000047,0,11.801862129100002,,,-1,11.1761013999,,,-1,11.6215249556,,,1,0.74095676678,,,1,,
PG 1049-005,7.655549584310001,0.11925283370000006,0.12308876527000212,0,46.772970101300004,2.7627932236999939,2.3688351410999999,0,0.42509002350399999,0.11683277140100007,0.102392122355,0,50.861263984200001,17.836522494800001,14.0112393641,0,12.250606864000002,0.017139022899998579,0.017026718000002106,0,12.2054166233,0.030672402200000448,0.029165525999999886,0,11.450703197599999,,,-1,0.16105665037699998,,,-1,,
PG 1100+772,6.9416523451799996,,,-1,,,,,1.3930134212,0.087963092860000147,0.055089195479999908,0,61.806430812899997,3.4283689940000031,17.849259133199993,0,12.1141278136,,,-1,11.660021451199999,,,-1,11.914956350899999,,,1,0.64352244944799997,,,1,,
PG 1103-006,5.2476849424200003,,,-1,,,,,0.43263106112800004,0.089020535150999891,0.084901356605000089,0,61.518069387799997,15.022527878100007,15.00982220889999,0,12.037770820499999,,,-1,11.5519909651,,,-1,11.843024164900001,,,1,0.65834871942100004,,,1,,
PG 1114+445,6.6695240168599996,0.71084093837000051,0.70441369829999978,0,35.494665846700002,13.388929143099993,9.8819785173000021,0,1.8742921515400002,0.15437091645000001,0.093967204230000378,0,32.417292866799997,3.7422395071000025,5.0286435385999937,0,11.677677280399999,0.010807075200000682,0.016390752399999542,0,10.965761638900002,,,-1,11.557069128299998,,,1,0.79670538377800004,,,1,,
PG 1115+407,8.296051510469999,0.060759183910001013,0.047337088699999086,0,25.883402421500001,0.73064266929999633,1.1486236884000007,0,1.3159538533399999,0.11734029547000024,0.083065375549999931,0,50.411704353299996,15.000890406800011,11.084674861599993,0,11.551806398,0.012416224200000769,0.015106254900000948,0,11.297104235299999,0.032065362000000874,0.061300607999998036,0,11.199851730200001,0.083653293399997608,0.072987900600001154,0,0.44175723909199999,,,0,0.1,0.1
PG 1116+215,7.1295866653799997,0.46912557086000017,0.42058495768999915,0,31.936228790999998,8.3899318245000032,7.5714038109999962,0,1.07002453049,0.12508411235999994,0.098961205897000082,0,41.215956944799998,8.2580514562000076,7.5583229649000003,0,11.807909338800002,0.011320737899998434,0.014337695500001857,0,11.0349537148,,,-1,11.7060344621,,,1,0.82771315657100009,,,1,,
PG 1119+120,7.1181809894500008,0.043972665959999269,0.04362450212000013,0,28.956142964000001,0.76139619989999829,0.77448979220000425,0,1.7691339822799999,0.05856472760000031,0.05510070936,0,41.048609430600003,1.9509769963999943,1.8766373704000046,0,11.0268956905,0.0036137471999992954,0.0040771616999979443,0,10.411587986000001,0.03061037459999838,0.032302289800000494,0,10.906220234500001,0.013134294400000357,0.01428666780000043,0,0.75725029702199997,,,0,0.1,0.1
PG 1121+422,8.5661852681199999,9.2452299998768694e-05,7.6895359999440416e-05,0,23.0000105877,8.6841499999934513e-05,0.00010047570000182304,0,0.76348916919200005,7.1736675999911625e-05,8.4054251999976515e-05,0,45.0000177959,8.4875999995404072e-05,8.3816800000136027e-05,0,11.431507881500002,6.8551599998301072e-05,7.587610000214795e-05,0,11.260357710199999,9.1957600000469597e-05,8.6572399998985361e-05,0,10.9443238032,0.00017965590000201814,0.00017271689999809325,0,0.32569194956300002,,,0,0.1,0.1
PG 1126-041,7.6366796555499992,0.038196068570000463,0.036580538419998199,0,26.7738675875,0.62794284309999782,0.68740494570000266,0,1.6268725585600001,0.058169156519999765,0.059479186439999943,0,46.318024647500003,2.6427516267999991,2.1667200904000055,0,11.309625823499999,0.0041890033000004934,0.0042341889999981674,0,10.7265228296,0.026961586199998777,0.03390110170000149,0,11.1787965311,0.013646648599999978,0.014695849199998889,0,0.7392622278030001,,,0,0.1,0.1
PG 1149-110,7.5240697390299998,0.07347297348000037,0.065215902330000297,0,22.0230661696,1.0519440777,1.1382904928999977,0,1.9572201303599999,0.06140581810000012,0.058217727499999983,0,52.718378190299994,3.0073079161000109,2.8782741592999912,0,10.7848149734,0.0048395561000003084,0.0050732455000002119,0,10.103305880900001,0.063101587700000294,0.069470869500001697,0,10.683192351400001,0.019619762799999663,0.019904994800000964,0,0.79177403504999999,,,0,0.1,0.1
PG 1151+117,3.8560033873900004,,,-1,,,,,1.3055013094399999,0.11365432000999998,0.09520837010999994,0,46.152595635399997,6.8604930783000029,7.0375167461999979,0,11.273419835799999,,,-1,10.3233241827,,,-1,11.158929358499998,,,1,0.88151578743600001,,,1,,
PG 1202+281,7.9489878158800007,0.13372599084999948,0.13190875473000041,0,24.345423842300001,1.8212966323000011,1.8735949802,0,2.1458178352299999,0.074175700840000136,0.068878600639999732,0,34.991391649000001,2.1873581185000006,2.3211261703999995,0,11.6284238155,0.013597651000001321,0.012367177199999801,0,10.787195240299999,0.0823380989000011,0.094875504699999169,0,11.561661624400001,0.021479576199999073,0.024998883400002114,0,0.85615754439400005,,,0,0.1,0.1
PG 1211+143,6.8211415113400005,0.23155783990999979,0.23242902890000128,0,27.858538383300001,4.4248915112999967,3.7661616307999992,0,1.60134122135,0.086563010860000178,0.07104895646000009,0,35.356623335100004,1.9637002927999987,2.7639352124000069,0,11.4086148616,0.0068415359999995928,0.0093473624999997895,0,10.4086148616,,,-1,11.362857371039325,,,1,0.9,,,1,,
PG 1216+069,4.6078140029300005,,,-1,,,,,0.75556264613199997,0.1201331297610001,0.10088171425999992,0,52.517567307100002,11.849984274599997,13.192994286900003,0,11.7785129925,,,-1,10.857303572499999,,,-1,11.636719703699999,,,1,0.87160486675799997,,,1,,
PG 1229+204,7.4578603156199987,0.053366882100000623,0.051008975769998521,0,25.146648393299998,0.71040764470000539,0.73594448409999558,0,2.1477712213999998,0.092920062470000175,0.074886401540000147,0,33.1714057557,2.1809981353000012,2.5683201403999973,0,11.001652823499999,0.0095799099999993587,0.012659352400000046,0,10.3850013323,0.029723001400000726,0.034541362100000583,0,10.881089279200001,0.019092420699999835,0.022658539900000108,0,0.75772358735799994,,,0,0.1,0.1
PG 1244+026,6.8508850939100006,0.13004622042000058,0.13629460011000027,0,26.666741147500002,2.2892122390000011,2.3610381532000027,0,1.9706250307900002,0.090266130269999634,0.069224720720000077,0,41.883309193700001,3.6009623431000009,3.9979177149999998,0,10.653786031199999,0.0088381079000008356,0.010259850999998932,0,9.9309660778199991,0.093526412380001034,0.12497268487999946,0,10.562158375800001,0.031865373499998739,0.031893823100000773,0,0.81053390303799999,,,0,0.1,0.1
PG 1259+593,4.4500246516699997,,,-1,,,,,0.42906379899800001,0.104687878269,0.10244015062800005,0,49.954886879799993,14.407145313600004,12.646521313499989,0,12.0829134983,,,-1,11.0829134983,,,-1,12.037156007739325,,,1,0.9,,,1,,
PG 1307+085,6.9275873944600006,0.39101713027999896,0.38603822752999939,0,32.031427625200003,6.8230113517999982,5.9435725536000028,0,1.8211356973599997,0.19593814544000021,0.12290932417999989,0,31.285377068300001,4.943311117600004,5.3060252213999988,0,11.4583657648,0.02305361730000044,0.024992661200000654,0,10.4877251591,0.1537781674000005,0.192167833600001,0,11.4084123251,0.036562002600000199,0.044954378599999956,0,0.89142441915399995,,,0,0.1,0.1
PG 1309+355,7.5972147528899994,0.16468072328000005,0.20066353531999948,0,28.766065237900001,2.5834140074000018,1.9591320152000016,0,2.09667496963,0.06739175689000021,0.062493457640000027,0,30.665067335300002,1.1820463685,1.4794245849000021,0,11.810418819600001,0.0069108700000004575,0.0091940718000014243,0,10.8793622709,0.046409231600000211,0.045413117600000774,0,11.7563489285,0.010881576100000956,0.01409725759999958,0,0.88270451401500005,,,0,0.1,0.1
PG 1310-108,6.8520390558699997,0.13704579401999961,0.1295252586300002,0,21.814328542800002,1.7476052895999956,1.9277266963000024,0,1.5788618516499999,0.076561260879999926,0.061670718720000073,0,39.842878914699995,2.6709356786000029,3.1595218756999941,0,10.3773582662,0.0073793435000002461,0.0097932872000008331,0,9.4102996452399985,0.090831017180001083,0.11956961037999747,0,10.3294477909,0.014486337400001048,0.019814614799999575,0,0.8924500616779999,,,0,0.1,0.1
PG 1322+659,7.74492133656,0.22841422570999992,0.17539662354000107,0,27.507596280100003,3.3179932079999972,3.8903447103000026,0,1.3775628629700003,0.10728852240999953,0.075631661650000126,0,52.760188921000001,13.347788386599994,10.860973906700004,0,11.499948591800001,0.013343505599999972,0.019240743400001037,0,10.9087572619,0.12098926540000043,0.17006138870000065,0,11.367692355699999,0.058054156100000753,0.067122601899997747,0,0.74236236064600003,,,0,0.1,0.1
PG 1341+258,7.5358354177899995,0.20634422104000105,0.20924156487000012,0,21.072034034800001,2.8127264341999982,2.3850688886000029,0,1.5542287880399999,0.079260182880000141,0.071666922489999729,0,54.5684625584,6.5345005241999985,6.8904155356000061,0,10.8346589568,0.01662843260000102,0.015334494899999385,0,10.006985243099999,0.12108154090000056,0.12543910301999972,0,10.765312186900001,0.029254380699999416,0.038223936800001468,0,0.85171354435000002,,,0,0.1,0.1
PG 1351+236,7.5904347859200003,0.032914747199998651,0.029209662780001366,0,26.002196331599997,0.51441234940000058,0.59106445769999993,0,1.4699243191299998,0.066567078910000133,0.066265358979999966,0,58.632799929099995,8.8591398732000002,7.9285967732999936,0,10.7723111942,0.0062950797000009828,0.0074908182000008594,0,10.6042937042,0.025451641500000122,0.029427310899999171,0,10.2783474752,0.055842277899998294,0.065612650600000322,0,0.32138026231,,,0,0.1,0.1
PG 1351+640,7.0131611566199998,0.042124955560000288,0.042402898149999757,0,42.051549678500002,0.91772107179999551,0.91880145319999684,0,2.9318239344000001,0.40974448180999978,0.27328988702000023,0,20.983147350899998,2.9878772766000026,2.9398868294999971,0,11.7114062779,0.019427292899999671,0.020687897300000202,0,11.2804921172,0.015036054800001253,0.018682774900000254,0,11.508676904200001,0.036849558899998414,0.036628201500001012,0,0.62551988913000001,,,0,0.1,0.1
PG 1352+183,5.6039057655100004,,,-1,,,,,1.2471374294399999,0.10499793987000006,0.083230882139999851,0,49.642435033100007,4.0486149942999887,10.086246166300008,0,11.179567208800002,,,-1,10.2663132555,,,-1,11.042755073699999,,,1,0.86087345238399993,,,1,,
PG 1354+213,7.56231244584,0.54791458854000119,0.56873199942000063,0,29.291256948099999,7.5062471824999975,6.9187333375999955,0,1.7846049058400002,0.12218840403999986,0.10182666571000043,0,39.476163754299996,6.5558038319000005,6.3572941317999963,0,11.809762964500001,0.020539383499999175,0.027075254400001469,0,10.963294423499999,0.1367666133000025,0.26722777929999886,0,11.745011019000001,0.049010960299998629,0.060496929500001073,0,0.85689333855000005,,,0,0.1,0.1
PG 1402+261,7.9425773518399989,0.24417067883000065,0.16356465716999846,0,27.298484702100001,3.8195965632000011,5.1406812897999998,0,1.1744408423200001,0.074788586779999777,0.062750640490000231,0,62.130775498399998,13.941459788000003,13.624004688799999,0,11.8380429504,0.0070148451999987316,0.0069605951000006883,0,11.069008639200002,0.20378480239999952,0.30244346100000286,0,11.756239581800001,0.048243304499999695,0.063119494100000395,0,0.82942353549199999,,,0,0.104129183696,0.1
PG 1404+226,8.0437930829499997,0.23351659111999901,0.19473348253000022,0,18.0928460666,2.2262644609999995,2.35241452,0,1.1001521124299998,0.087663305970000271,0.080985912809999672,0,68.384667398999994,13.506287356600012,13.595711352699993,0,10.822767971099999,0.017076864599999908,0.018944905899999753,0,10.1078150826,0.12770663090000056,0.12279620826000048,0,10.7284207274,0.038319143399998978,0.049008927099999156,0,0.80655350458000008,,,0,0.1,0.1
PG 1411+442,7.7516190720000004,0.094407909310000093,0.089059706289999596,0,22.7216439448,1.2368132144000015,1.4159850309999982,0,0.90812148912000001,0.085905116200000076,0.07446453064799996,0,46.321813090200003,6.1912204284999959,5.6653909716000044,0,11.285745161900001,0.0087069812999978069,0.0091063613000024191,0,10.4124719832,0.055388610999999699,0.077890968799998461,0,11.222827888699999,0.018498274600000641,0.017086561599999328,0,0.86591434224499997,,,0,0.1,0.1
PG 1415+451,7.6371798647200002,0.1363884282699992,0.11482554813000068,0,26.6001660692,1.7452602832999986,2.3682091256,0,1.2406817401600001,0.11732196467999989,0.092138772800000046,0,46.640005569499998,10.744831375500006,8.6787263824000007,0,11.307377088900001,0.012273994900001028,0.015090286700001343,0,10.708404053099999,0.071001862700001084,0.12103527449999874,0,11.179983379699999,0.046399502100001655,0.04116870239999848,0,0.74717627329400005,,,0,0.1,0.1
PG 1416-129,6.9013060458400002,0.58364429604000101,0.59379340268000025,0,28.038370741199998,9.2093438277000033,6.2574032294000013,0,1.64990239994,0.11949276033,0.077342936479999791,0,36.350394816600001,3.0098068328000025,4.9347073049000016,0,11.235591960799999,0.012894337900000608,0.014987907600000128,0,10.4569639818,,,-1,11.1313290745,,,1,0.82446125042999996,,,1,,
PG 1425+267,4.7104924303900004,,,-1,,,,,1.6045215292200001,0.077634446819999869,0.079685832300000037,0,55.033407650800001,4.8386088894000068,4.8281930129000017,0,12.064854631500001,,,-1,11.4350679277,,,-1,11.907732896700001,,,1,0.74925950858799995,,,1,,
PG 1426+015,7.0917743184699997,0.073556402079999472,0.076773935480000333,0,36.058706386700003,1.3411241802999925,1.3305123554000033,0,1.90046395005,0.29145594624999993,0.19330693067000015,0,26.761518158000001,5.0190799498000018,4.4471455897999981,0,11.412050474500001,0.014515747499999065,0.018645862499999666,0,10.957699123099999,0.023846413400001154,0.032338759599999989,0,11.221340917100001,0.037370231099998819,0.035943362100001153,0,0.64695841998899994,,,0,0.1,0.1
PG 1427+480,7.9418271159999998,0.50824312721000187,0.3842697020300001,0,23.314571933000003,5.8775359927999951,6.0457241959000037,0,1.7105261798500002,0.094153353989999911,0.074665352210000258,0,44.559063550299996,4.6279485515999994,6.1954890515999992,0,11.6824927542,0.017600161199998965,0.018556832399999834,0,11.046134898800002,,,-1,11.5443473394,,,1,0.76029513108400004,,,1,,
PG 1435-067,7.4680039377499998,0.00015082588999959512,0.00011102071999946617,0,23.000002709299999,8.4591700002079051e-05,6.5394899998238998e-05,0,2.1958224769700001,0.00010361878999942675,0.00011298911000023892,0,44.999987953599998,8.7547600003290427e-05,6.9661200001291945e-05,0,11.141046100599999,0.00010709940000097617,9.4955999998092011e-05,0,10.162159735099999,0.00016538440000068988,9.8867999998475398e-05,0,11.0928786753,0.00011339519999964409,0.00011220200000039426,0,0.89502255397699992,,,0,0.1,0.1
PG 1440+356,7.9271937158700005,0.057043942489999999,0.040215253430001319,0,27.150811215300003,0.95161736259999685,1.3329163843000025,0,1.5783616900499999,0.051717340549999991,0.047367143959999858,0,58.742504546199996,6.5578536696000072,5.00354894849999,0,11.483690962100001,0.0033659025999988046,0.0031224261000009079,0,11.0547906621,0.048805080199999296,0.079477097399999863,0,11.2806483928,0.042816725299999803,0.032420873299999542,0,0.62759888102200001,,,0,0.1,0.1
PG 1448+273,7.1557795464100007,0.083920049069998726,0.083291393110000556,0,27.2363942271,1.2907010549999995,1.2455161165999975,0,1.9226199970400002,0.087836798749999945,0.074021092830000468,0,37.141204191999996,2.9539205608000074,3.2881348507999988,0,10.922439961099998,0.0098230566000019337,0.011487104299998663,0,10.2934202041,0.048798643799999653,0.057198958299998992,0,10.8047430784,0.025730747299999024,0.026052094700000694,0,0.76421500380999996,,,0,0.1,0.1
PG 1501+106,6.1596493177199996,0.11644078944000036,0.1091582878799997,0,39.9244680957,2.339463888600001,2.582616021299998,0,2.4029164359399999,0.32032974559000005,0.1892557028199997,0,26.6563750983,3.7260765403000029,4.3771354215999985,0,10.895550950100001,0.015214889000001008,0.023941166300000205,0,10.2902613295,0.046306902899999614,0.070802484499999707,0,10.7706794768,0.039670485700000313,0.047152284699999214,0,0.75079764489099998,,,0,0.1,0.1
PG 1512+370,7.9925154527800002,0.6739148431199995,0.41609892021999961,0,24.9298872902,7.0637429490999999,8.0241935547000018,0,0.97866360469699998,0.10254628144299993,0.091652119562999901,0,40.430227827899998,7.9379521653999987,7.7390798357999984,0,12.059006939100001,0.022996087399999254,0.02532007160000127,0,11.300459247400001,,,-1,11.9560919839,,,1,0.82535326882799998,,,1,,
PG 1519+226,7.3552590920100007,0.29479004044999968,0.80427320147000092,0,28.118917383799999,5.8107728893000008,4.7901971989999979,0,1.6503418110600001,0.1648207666899999,0.13534861664999998,0,47.854679206499995,21.297516506500003,12.213542724999996,0,11.1491186243,0.022928077000001323,0.02283035610000006,0,10.599409402499999,0.15258615680000176,0.65207265438999862,0,11.008810586800001,0.11873851809999891,0.10611416529999929,0,0.71923073631199996,,,0,0.128058918953,0.218392367733
PG 1534+580,6.4170458590499999,0.090568969389999587,0.0930256795999993,0,28.303631369600001,1.4093185101999985,1.5183189340000034,0,1.97810799991,0.1307219674300002,0.091479899469999681,0,33.744235554699998,3.0065069981000079,3.7872147868999946,0,10.389100919600001,0.010577714900000146,0.016901220199999401,0,9.6492013587900001,0.055344939149998496,0.067298595550001394,0,10.302563515499999,0.022132779100001443,0.033251665099999883,0,0.818097087374,,,0,0.1,0.1
PG 1535+547,7.2099478728899991,0.25263058543000128,0.17694933806999913,0,17.862578457799998,2.0996152142000035,2.5940409536999969,0,0.85667566758499991,0.066161565071000017,0.058952444265999882,0,57.788055811599996,7.7944480544000143,7.952230807600003,0,10.3298450991,0.0093282920000010705,0.01060426139999926,0,9.4410011306699992,,,-1,10.2542790637,,,1,0.86801356112700001,,,1,,
PG 1543+489,8.213298460119999,0.093498740590002072,0.066652451479999542,0,38.957517295400002,1.6321193339999951,2.3119886669000067,0,1.1692556515299999,0.090316380740000257,0.06596723570999985,0,46.496926787,11.823821797700006,7.4398022194000006,0,12.567996804000002,0.0087141003999988698,0.0094593427000013719,0,12.281874589899999,0.049600959900001129,0.078484916799999027,0,12.251093662799999,0.072654313199999265,0.055287163699997421,0,0.48150674927699999,,,0,0.1,0.1
PG 1545+210,8.2163433083499999,0.74885855532000001,1.0640166425399986,0,17.896899413699998,7.7186629924000023,5.2053050481999978,0,1.5864238045200003,0.15964735517999973,0.11998510629000037,0,33.518340349600003,5.3612605700999936,5.8261177985000003,0,11.6612233694,0.030029824400001459,0.037069180299999616,0,10.6612233694,,,-1,11.615465878839325,,,1,0.9,,,1,,
PG 1552+085,6.6635011724900011,0.14558747884999956,0.15191254480000094,0,32.741408837100003,2.4360799780000022,2.2029009314000021,0,-0.108018900845,0.160637448692,0.094063627760999982,0,50.927517528000003,17.640226962600003,14.916209098500005,0,11.025551976300001,0.009063812099999069,0.0094469406000019518,0,10.283227719099999,0.048821823000000819,0.064032427999999086,0,10.939600903800001,0.016412243699999607,0.01799828699999928,0,0.81881828676000001,,,0,0.1,0.1
PG 1612+261,7.6508345731699992,0.090457953530000523,0.099550816009998044,0,31.744241303899997,1.3225694607000023,1.1434983350000003,0,0.91438821412400006,0.14445602544599989,0.10795806005100006,0,50.857881650000003,15.421627731899996,13.226464912399997,0,11.314047262200001,0.013827386399997366,0.0144219176,0,11.186903389000001,0.030364075899999676,0.032351486700001431,0,10.717526513899999,0.071578076000001545,0.085262617099999716,0,0.25324031981199996,,,0,0.1,0.1
PG 1613+658,8.4799002021199996,0.043163242849999506,0.032893230470000034,0,26.690986724499997,0.71588762500000058,0.90754359839999665,0,1.4739290029400001,0.051691197080000029,0.04608400409000013,0,56.372738831999996,5.8506781115000095,4.6815576461999981,0,11.963617288499998,0.00320322510000004,0.0028788407999993382,0,11.561315991800001,0.037284623699997965,0.050171637800000113,0,11.744629119900001,0.032531032999997933,0.028208852000000562,0,0.60379072018299995,,,0,0.1,0.1
PG 1617+175,4.3157187045600001,,,-1,,,,,0.79355636379299999,0.10134625189099999,0.080457686765999958,0,53.473776953000005,9.5284810886999978,11.112422021400008,0,11.103411403399999,,,-1,10.219998623099999,,,-1,11.008102724800001,,,1,0.86297282294,,,1,,
PG 1626+554,9.1649848029999994,0.098884676690000006,0.1580335146599996,0,10.496875079800001,0.79148402389999895,0.36181048960000162,0,0.54189068898199999,0.21055212054899997,0.13647104987700004,0,46.674945078999997,15.697097401600004,14.491782012000002,0,10.8198792535,0.027146251399999599,0.028912219699998687,0,9.8305865773699992,0.057920500530000751,0.057593187639998433,0,10.774441527899999,0.026727765500000444,0.032142166099998093,0,0.89721309302800001,,,0,0.1,0.1
PG 1700+518,8.7110431535499995,0.1235539046399996,0.116002375039999,0,25.684690134299998,2.3357597662000025,2.2257723146999986,0,1.9070366740200002,0.047466795119999849,0.046016681120000236,0,52.598895658400004,3.1924383501999927,3.6396740850000029,0,12.445146317400001,0.0049101592999996058,0.0046598114000016011,0,11.689071826700001,0.10801110969999961,0.11120414330000195,0,12.362181005999998,0.020626377600001078,0.030237060199999277,0,0.82507722022200003,,,0,0.1,0.1
PG 1704+608,8.1699049170800002,0.1444688154899989,0.1413900148299998,0,33.091258774899998,2.7424214461000034,2.9807669375999986,0,2.0066458033600001,0.0636687885499998,0.058411300539999989,0,32.885804421799996,2.5605354728999998,2.4753876111999951,0,12.547095130100001,0.0095783329999985511,0.010969165800000624,0,11.8136956699,0.082179134800000497,0.11535959339999913,0,12.459698596300001,0.02815651209999892,0.030687420800001419,0,0.81563685974199995,,,0,0.1,0.1
PG 2112+059,7.6700183597300002,0.44897984529000023,1.200186597160001,0,38.261555975900002,9.5003131551000024,6.6554561091000046,0,1.7799183170900001,0.14068751135999991,0.11222259455000017,0,24.847585997800003,3.2514017783999947,3.2996141848000029,0,12.895385938599999,0.012834027000000248,0.020853777099997473,0,12.022903701900001,,,-1,12.801451545599999,,,1,0.85975182135100003,,,1,,
PG 2130+099,7.6604265315699998,0.039716963200000066,0.039787027670000086,0,25.317915433400003,0.67989022769999963,0.72993571620000353,0,1.4534660906700001,0.059620349530000061,0.059752475230000046,0,46.824342113500002,2.3453263647999947,2.0207922304999997,0,11.367343941700002,0.0036754342999980594,0.003594081400001059,0,10.6039255089,0.035722290000000712,0.040873767300000807,0,11.285026244000001,0.010980532299999624,0.010440607800001445,0,0.82725035944100012,,,0,0.1,0.1
PG 2209+184,7.9265771032600005,0.065927557869999376,0.056891817840001302,0,19.877194783499998,0.66107781310000391,0.78367119740000035,0,0.43984761326800004,0.11868700267900001,0.097747313795000013,0,65.961712624699999,17.899260973300002,18.967826611299998,0,10.5208646668,0.016389191000000025,0.018094658599999036,0,10.236142965700001,0.039229610399999615,0.041988095000000669,0,10.2020585657,0.036609479400000922,0.043599898000000081,0,0.47965317991700002,,,0,0.1,0.1
PG 2214+139,7.49011209778,0.22991221919000004,0.11970460643000003,0,20.597426672400001,1.709715022000001,2.9926807245999996,0,0.90042996886899995,0.10109845237100001,0.093670733820999885,0,46.154338253399999,8.9172801255000067,7.1350119637999967,0,10.900928484000001,0.010618322099997357,0.012648176900000863,0,10.036099961,,,-1,10.817227582399999,,,1,0.85940558701000003,,,1,,
PG 2233+134,6.8467716883099996,0.85286324537000091,2.9507318893599996,0,36.759215873999999,14.954348899900005,12.741496647699996,0,1.9376938747999999,0.1447911686500003,0.092881344199999827,0,33.064711545900003,3.972444212900001,6.0223533789000037,0,12.076971468599998,0.018803055500002941,0.022957848499999045,0,11.465190236500002,,,-1,11.9214143848,,,1,0.74915150204699998,,,1,,
PG 2251+113,4.7395246326800002,,,-1,,,,,1.3212556984299999,0.088474636559999986,0.074008549059999762,0,42.412273539499999,4.8220751615000026,5.4988540975999953,0,12.0472277135,,,-1,11.284426252899999,,,-1,11.9242500603,,,1,0.81158992350600001,,,1,,
PG 2304+042,3.1378085915299998,,,-1,,,,,1.4433005252200002,0.1557845527899997,0.1126267966300003,0,45.638746188199995,7.0107789832000051,8.2591463005999941,0,9.9334218838600012,,,-1,9.1027658011000003,,,-1,9.7919994645300008,,,1,0.84610992004399999,,,1,,
PG 2308+098,4.4108176729200004,,,-1,,,,,1.10747316683,0.1252706964000001,0.10912235179800001,0,40.864838144799997,8.4429089634000007,8.2640653072999939,0,12.0229683801,,,-1,11.0229683801,,,-1,11.977210889539325,,,1,0.9,,,1,,
